,Unnamed: 0,Country,Year,GDP
0,0,Afghanistan,2021,372
1,1,Afghanistan,2020,516
2,2,Afghanistan,2019,500
3,3,Afghanistan,2018,502
4,4,Afghanistan,2017,530
5,5,Afghanistan,2016,520
6,6,Afghanistan,2015,554
7,52,Albania,2021,6396
8,53,Albania,2020,5278
9,54,Albania,2019,5359
10,55,Albania,2018,5268
11,56,Albania,2017,4521
12,57,Albania,2016,4117
13,58,Albania,2015,3950
14,104,Algeria,2021,3700
15,105,Algeria,2020,3354
16,106,Algeria,2019,4021
17,107,Algeria,2018,4171
18,108,Algeria,2017,4134
19,109,Algeria,2016,3967
20,110,Algeria,2015,4197
21,156,Andorra,2021,42066
22,157,Andorra,2020,37207
23,158,Andorra,2019,41328
24,159,Andorra,2018,42904
25,160,Andorra,2017,40632
26,161,Andorra,2016,39904
27,162,Andorra,2015,38869
28,208,Angola,2021,2044
29,209,Angola,2020,1639
30,210,Angola,2019,2569
31,211,Angola,2018,3240
32,212,Angola,2017,4042
33,213,Angola,2016,3468
34,214,Angola,2015,4130
35,260,Anguilla,2021,19216
36,261,Anguilla,2020,16582
37,262,Anguilla,2019,24494
38,263,Anguilla,2018,21240
39,264,Anguilla,2017,18718
40,265,Anguilla,2016,21518
41,266,Anguilla,2015,22756
42,312,Antigua and Barbuda,2021,15245
43,313,Antigua and Barbuda,2020,14788
44,314,Antigua and Barbuda,2019,18319
45,315,Antigua and Barbuda,2018,17527
46,316,Antigua and Barbuda,2017,16110
47,317,Antigua and Barbuda,2016,15862
48,318,Antigua and Barbuda,2015,14861
49,364,Argentina,2021,10761
50,365,Argentina,2020,8560
51,366,Argentina,2019,10006
52,367,Argentina,2018,11816
53,368,Argentina,2017,14609
54,369,Argentina,2016,12767
55,370,Argentina,2015,14908
56,416,Armenia,2021,4966
57,417,Armenia,2020,4505
58,418,Armenia,2019,4828
59,419,Armenia,2018,4391
60,420,Armenia,2017,4041
61,421,Armenia,2016,3679
62,422,Armenia,2015,3666
63,448,Aruba,2021,29342
64,449,Aruba,2020,24487
65,450,Aruba,2019,31650
66,451,Aruba,2018,30220
67,452,Aruba,2017,29329
68,453,Aruba,2016,28449
69,454,Aruba,2015,28419
70,500,Australia,2021,66915
71,501,Australia,2020,55774
72,502,Australia,2019,54267
73,503,Australia,2018,58225
74,504,Australia,2017,57430
75,505,Australia,2016,54037
76,506,Australia,2015,52276
77,552,Austria,2021,53840
78,553,Austria,2020,48859
79,554,Austria,2019,50070
80,555,Austria,2018,51466
81,556,Austria,2017,47429
82,557,Austria,2016,45277
83,558,Austria,2015,44179
84,604,Azerbaijan,2021,5296
85,605,Azerbaijan,2020,4151
86,606,Azerbaijan,2019,4707
87,607,Azerbaijan,2018,4640
88,608,Azerbaijan,2017,4057
89,609,Azerbaijan,2016,3795
90,610,Azerbaijan,2015,5381
91,636,Bahamas,2021,27478
92,637,Bahamas,2020,23862
93,638,Bahamas,2019,32610
94,639,Bahamas,2018,31738
95,640,Bahamas,2017,30969
96,641,Bahamas,2016,29887
97,642,Bahamas,2015,30206
98,688,Bahrain,2021,26562
99,689,Bahrain,2020,23501
100,690,Bahrain,2019,25869
101,691,Bahrain,2018,25415
102,692,Bahrain,2017,24349
103,693,Bahrain,2016,22867
104,694,Bahrain,2015,22795
105,740,Bangladesh,2021,2449
106,741,Bangladesh,2020,2231
107,742,Bangladesh,2019,2111
108,743,Bangladesh,2018,1931
109,744,Bangladesh,2017,1785
110,745,Bangladesh,2016,1651
111,746,Bangladesh,2015,1449
112,792,Barbados,2021,17225
113,793,Barbados,2020,16643
114,794,Barbados,2019,19002
115,795,Barbados,2018,18224
116,796,Barbados,2017,17843
117,797,Barbados,2016,17343
118,798,Barbados,2015,16990
119,844,Belarus,2021,7121
120,845,Belarus,2020,6370
121,846,Belarus,2019,6658
122,847,Belarus,2018,6191
123,848,Belarus,2017,5637
124,849,Belarus,2016,4915
125,850,Belarus,2015,5819
126,876,Belgium,2021,51165
127,877,Belgium,2020,45426
128,878,Belgium,2019,46551
129,879,Belgium,2018,47455
130,880,Belgium,2017,44162
131,881,Belgium,2016,42038
132,882,Belgium,2015,41086
133,928,Belize,2021,6228
134,929,Belize,2020,5267
135,930,Belize,2019,6210
136,931,Belize,2018,6059
137,932,Belize,2017,6101
138,933,Belize,2016,6148
139,934,Belize,2015,6142
140,980,Benin,2021,1360
141,981,Benin,2020,1240
142,982,Benin,2019,1170
143,983,Benin,2018,1194
144,984,Benin,2017,1095
145,985,Benin,2016,1049
146,986,Benin,2015,1040
147,1032,Bermuda,2021,112652
148,1033,Bermuda,2020,107473
149,1034,Bermuda,2019,116333
150,1035,Bermuda,2018,113667
151,1036,Bermuda,2017,112877
152,1037,Bermuda,2016,109404
153,1038,Bermuda,2015,105386
154,1084,Bhutan,2021,3062
155,1085,Bhutan,2020,2997
156,1086,Bhutan,2019,3303
157,1087,Bhutan,2018,3210
158,1088,Bhutan,2017,3240
159,1089,Bhutan,2016,2879
160,1090,Bhutan,2015,2695
161,1136,Bolivia,2021,3345
162,1137,Bolivia,2020,3068
163,1138,Bolivia,2019,3472
164,1139,Bolivia,2018,3471
165,1140,Bolivia,2017,3280
166,1141,Bolivia,2016,3013
167,1142,Bolivia,2015,2975
168,1188,Bosnia and Herzegovina,2021,7143
169,1189,Bosnia and Herzegovina,2020,6012
170,1190,Bosnia and Herzegovina,2019,6011
171,1191,Bosnia and Herzegovina,2018,5936
172,1192,Bosnia and Herzegovina,2017,5255
173,1193,Bosnia and Herzegovina,2016,4858
174,1194,Bosnia and Herzegovina,2015,4599
175,1220,Botswana,2021,6805
176,1221,Botswana,2020,5863
177,1222,Botswana,2019,6679
178,1223,Botswana,2018,6947
179,1224,Botswana,2017,6705
180,1225,Botswana,2016,6411
181,1226,Botswana,2015,5869
182,1272,Brazil,2021,7507
183,1273,Brazil,2020,6794
184,1274,Brazil,2019,8883
185,1275,Brazil,2018,9121
186,1276,Brazil,2017,9896
187,1277,Brazil,2016,8680
188,1278,Brazil,2015,8783
189,1324,British Virgin Islands,2021,49443
190,1325,British Virgin Islands,2020,48272
191,1326,British Virgin Islands,2019,47005
192,1327,British Virgin Islands,2018,45553
193,1328,British Virgin Islands,2017,43472
194,1329,British Virgin Islands,2016,47178
195,1330,British Virgin Islands,2015,43558
196,1376,Brunei Darussalam,2021,31448
197,1377,Brunei Darussalam,2020,27179
198,1378,Brunei Darussalam,2019,30748
199,1379,Brunei Darussalam,2018,31240
200,1380,Brunei Darussalam,2017,28186
201,1381,Brunei Darussalam,2016,26761
202,1382,Brunei Darussalam,2015,30681
203,1428,Bulgaria,2021,12207
204,1429,Bulgaria,2020,10064
205,1430,Bulgaria,2019,9771
206,1431,Bulgaria,2018,9323
207,1432,Bulgaria,2017,8242
208,1433,Bulgaria,2016,7445
209,1434,Bulgaria,2015,6947
210,1480,Burkina Faso,2021,893
211,1481,Burkina Faso,2020,833
212,1482,Burkina Faso,2019,772
213,1483,Burkina Faso,2018,779
214,1484,Burkina Faso,2017,711
215,1485,Burkina Faso,2016,665
216,1486,Burkina Faso,2015,631
217,1532,Burundi,2021,310
218,1533,Burundi,2020,295
219,1534,Burundi,2019,283
220,1535,Burundi,2018,288
221,1536,Burundi,2017,295
222,1537,Burundi,2016,268
223,1538,Burundi,2015,262
224,1584,Cabo Verde,2021,3293
225,1585,Cabo Verde,2020,2924
226,1586,Cabo Verde,2019,3434
227,1587,Cabo Verde,2018,3442
228,1588,Cabo Verde,2017,3132
229,1589,Cabo Verde,2016,2978
230,1590,Cabo Verde,2015,2890
231,1636,Cambodia,2021,1607
232,1637,Cambodia,2020,1542
233,1638,Cambodia,2019,1671
234,1639,Cambodia,2018,1533
235,1640,Cambodia,2017,1400
236,1641,Cambodia,2016,1281
237,1642,Cambodia,2015,1170
238,1688,Cameroon,2021,1668
239,1689,Cameroon,2020,1540
240,1690,Cameroon,2019,1538
241,1691,Cameroon,2018,1594
242,1692,Cameroon,2017,1479
243,1693,Cameroon,2016,1426
244,1694,Cameroon,2015,1398
245,1740,Canada,2021,52112
246,1741,Canada,2020,43427
247,1742,Canada,2019,46411
248,1743,Canada,2018,46493
249,1744,Canada,2017,45125
250,1745,Canada,2016,42317
251,1746,Canada,2015,43549
252,1792,Cayman Islands,2021,85250
253,1793,Cayman Islands,2020,83326
254,1794,Cayman Islands,2019,89868
255,1795,Cayman Islands,2018,85231
256,1796,Cayman Islands,2017,81255
257,1797,Cayman Islands,2016,78858
258,1798,Cayman Islands,2015,77295
259,1844,Central African Republic,2021,461
260,1845,Central African Republic,2020,435
261,1846,Central African Republic,2019,426
262,1847,Central African Republic,2018,435
263,1848,Central African Republic,2017,414
264,1849,Central African Republic,2016,372
265,1850,Central African Republic,2015,351
266,1896,Chad,2021,955
267,1897,Chad,2020,895
268,1898,Chad,2019,948
269,1899,Chad,2018,984
270,1900,Chad,2017,884
271,1901,Chad,2016,895
272,1902,Chad,2015,1018
273,1948,Chile,2021,16265
274,1949,Chile,2020,13094
275,1950,Chile,2019,14631
276,1951,Chile,2018,15795
277,1952,Chile,2017,15081
278,1953,Chile,2016,13848
279,1954,Chile,2015,13649
280,2000,China,2021,12437
281,2001,China,2020,10307
282,2002,China,2019,10043
283,2003,China,2018,9805
284,2004,China,2017,8729
285,2005,China,2016,8012
286,2006,China,2015,7936
287,2052,Hong Kong,2021,49258
288,2053,Hong Kong,2020,45984
289,2054,Hong Kong,2019,48431
290,2055,Hong Kong,2018,48349
291,2056,Hong Kong,2017,45737
292,2057,Hong Kong,2016,43150
293,2058,Hong Kong,2015,41809
294,2104,Macao,2021,43554
295,2105,Macao,2020,37833
296,2106,Macao,2019,83183
297,2107,Macao,2018,84923
298,2108,Macao,2017,78985
299,2109,Macao,2016,71919
300,2110,Macao,2015,73220
301,2156,Colombia,2021,6104
302,2157,Colombia,2020,5307
303,2158,Colombia,2019,6438
304,2159,Colombia,2018,6782
305,2160,Colombia,2017,6450
306,2161,Colombia,2016,5938
307,2162,Colombia,2015,6228
308,2208,Comoros,2021,1631
309,2209,Comoros,2020,1532
310,2210,Comoros,2019,1507
311,2211,Comoros,2018,1531
312,2212,Comoros,2017,1414
313,2213,Comoros,2016,1356
314,2214,Comoros,2015,1322
315,2260,Congo,2021,2200
316,2261,Congo,2020,1838
317,2262,Congo,2019,2317
318,2263,Congo,2018,2512
319,2264,Congo,2017,2088
320,2265,Congo,2016,1970
321,2266,Congo,2015,2346
322,2312,Cook Islands,2021,19263
323,2313,Cook Islands,2020,16641
324,2314,Cook Islands,2019,20853
325,2315,Cook Islands,2018,21023
326,2316,Cook Islands,2017,19868
327,2317,Cook Islands,2016,17659
328,2318,Cook Islands,2015,17076
329,2364,Costa Rica,2021,12472
330,2365,Costa Rica,2020,12132
331,2366,Costa Rica,2019,12669
332,2367,Costa Rica,2018,12383
333,2368,Costa Rica,2017,12118
334,2369,Costa Rica,2016,11899
335,2370,Costa Rica,2015,11529
336,2416,Côte d'Ivoire,2021,2538
337,2417,Côte d'Ivoire,2020,2288
338,2418,Côte d'Ivoire,2019,2238
339,2419,Côte d'Ivoire,2018,2275
340,2420,Côte d'Ivoire,2017,2076
341,2421,Côte d'Ivoire,2016,1980
342,2422,Côte d'Ivoire,2015,1940
343,2468,Croatia,2021,16983
344,2469,Croatia,2020,14028
345,2470,Croatia,2019,15092
346,2471,Croatia,2018,14978
347,2472,Croatia,2017,13434
348,2473,Croatia,2016,12405
349,2474,Croatia,2015,11808
350,2500,Cuba,2021,11255
351,2501,Cuba,2020,9499
352,2502,Cuba,2019,9139
353,2503,Cuba,2018,8831
354,2504,Cuba,2017,8543
355,2505,Cuba,2016,8055
356,2506,Cuba,2015,7690
357,2552,Curaçao,2021,14183
358,2553,Curaçao,2020,13187
359,2554,Curaçao,2019,15510
360,2555,Curaçao,2018,16351
361,2556,Curaçao,2017,17545
362,2557,Curaçao,2016,17657
363,2558,Curaçao,2015,17943
364,2569,Cyprus,2021,32280
365,2570,Cyprus,2020,28570
366,2571,Cyprus,2019,29850
367,2572,Cyprus,2018,29422
368,2573,Cyprus,2017,26682
369,2574,Cyprus,2016,24697
370,2575,Cyprus,2015,23476
371,2621,Czechia,2021,26808
372,2622,Czechia,2020,23357
373,2623,Czechia,2019,23968
374,2624,Czechia,2018,23636
375,2625,Czechia,2017,20759
376,2626,Czechia,2016,18643
377,2627,Czechia,2015,17867
378,2653,Democratic People's Republic of Korea,2021,654
379,2654,Democratic People's Republic of Korea,2020,621
380,2655,Democratic People's Republic of Korea,2019,643
381,2656,Democratic People's Republic of Korea,2018,691
382,2657,Democratic People's Republic of Korea,2017,690
383,2658,Democratic People's Republic of Korea,2016,670
384,2659,Democratic People's Republic of Korea,2015,653
385,2705,Democratic Republic of the Congo,2021,551
386,2706,Democratic Republic of the Congo,2020,487
387,2707,Democratic Republic of the Congo,2019,526
388,2708,Democratic Republic of the Congo,2018,541
389,2709,Democratic Republic of the Congo,2017,446
390,2710,Democratic Republic of the Congo,2016,495
391,2711,Democratic Republic of the Congo,2015,482
392,2757,Denmark,2021,68036
393,2758,Denmark,2020,60975
394,2759,Denmark,2019,59783
395,2760,Denmark,2018,61879
396,2761,Denmark,2017,57888
397,2762,Denmark,2016,54866
398,2763,Denmark,2015,53308
399,2809,Djibouti,2021,3348
400,2810,Djibouti,2020,3140
401,2811,Djibouti,2019,2948
402,2812,Djibouti,2018,2765
403,2813,Djibouti,2017,2659
404,2814,Djibouti,2016,2559
405,2815,Djibouti,2015,2430
406,2861,Dominica,2021,7570
407,2862,Dominica,2020,7036
408,2863,Dominica,2019,8561
409,2864,Dominica,2018,7833
410,2865,Dominica,2017,7395
411,2866,Dominica,2016,8223
412,2867,Dominica,2015,7724
413,2913,Dominican Republic,2021,8476
414,2914,Dominican Republic,2020,7167
415,2915,Dominican Republic,2019,8173
416,2916,Dominican Republic,2018,7947
417,2917,Dominican Republic,2017,7513
418,2918,Dominican Republic,2016,7188
419,2919,Dominican Republic,2015,6837
420,2965,Ecuador,2021,5965
421,2966,Ecuador,2020,5645
422,2967,Ecuador,2019,6233
423,2968,Ecuador,2018,6321
424,2969,Ecuador,2017,6246
425,2970,Ecuador,2016,6079
426,2971,Ecuador,2015,6130
427,3017,Egypt,2021,3898
428,3018,Egypt,2020,3457
429,3019,Egypt,2019,3004
430,3020,Egypt,2018,2407
431,3021,Egypt,2017,1917
432,3022,Egypt,2016,2708
433,3023,Egypt,2015,3251
434,3069,El Salvador,2021,4551
435,3070,El Salvador,2020,3903
436,3071,El Salvador,2019,4280
437,3072,El Salvador,2018,4145
438,3073,El Salvador,2017,3986
439,3074,El Salvador,2016,3870
440,3075,El Salvador,2015,3761
441,3121,Equatorial Guinea,2021,7605
442,3122,Equatorial Guinea,2020,6279
443,3123,Equatorial Guinea,2019,7351
444,3124,Equatorial Guinea,2018,8719
445,3125,Equatorial Guinea,2017,8410
446,3126,Equatorial Guinea,2016,8035
447,3127,Equatorial Guinea,2015,9781
448,3173,Eritrea,2021,622
449,3174,Eritrea,2020,586
450,3175,Eritrea,2019,566
451,3176,Eritrea,2018,582
452,3177,Eritrea,2017,560
453,3178,Eritrea,2016,645
454,3179,Eritrea,2015,602
455,3205,Estonia,2021,27990
456,3206,Estonia,2020,23596
457,3207,Estonia,2019,23421
458,3208,Estonia,2018,23162
459,3209,Estonia,2017,20435
460,3210,Estonia,2016,18281
461,3211,Estonia,2015,17404
462,3237,Ethiopia,2021,825
463,3238,Ethiopia,2020,824
464,3239,Ethiopia,2019,811
465,3240,Ethiopia,2018,721
466,3241,Ethiopia,2017,709
467,3242,Ethiopia,2016,685
468,3243,Ethiopia,2015,615
469,3269,Fiji,2021,4646
470,3270,Fiji,2020,4864
471,3271,Fiji,2019,5968
472,3272,Fiji,2018,6073
473,3273,Fiji,2017,5825
474,3274,Fiji,2016,5368
475,3275,Fiji,2015,5105
476,3321,Finland,2021,53703
477,3322,Finland,2020,49171
478,3323,Finland,2019,48630
479,3324,Finland,2018,49988
480,3325,Finland,2017,46412
481,3326,Finland,2016,43784
482,3327,Finland,2015,42785
483,3538,France,2021,44229
484,3539,France,2020,39505
485,3540,France,2019,40915
486,3541,France,2018,41937
487,3542,France,2017,39088
488,3543,France,2016,37320
489,3544,France,2015,36930
490,3590,French Polynesia,2021,19914
491,3591,French Polynesia,2020,18910
492,3592,French Polynesia,2019,20023
493,3593,French Polynesia,2018,20614
494,3594,French Polynesia,2017,19743
495,3595,French Polynesia,2016,18713
496,3596,French Polynesia,2015,18245
497,3642,Gabon,2021,7910
498,3643,Gabon,2020,6681
499,3644,Gabon,2019,7523
500,3645,Gabon,2018,7694
501,3646,Gabon,2017,6975
502,3647,Gabon,2016,6722
503,3648,Gabon,2015,7085
504,3694,Gambia,2021,772
505,3695,Gambia,2020,704
506,3696,Gambia,2019,722
507,3697,Gambia,2018,683
508,3698,Gambia,2017,632
509,3699,Gambia,2016,633
510,3700,Gambia,2015,611
511,3746,Georgia,2021,4975
512,3747,Georgia,2020,4207
513,3748,Georgia,2019,4634
514,3749,Georgia,2018,4665
515,3750,Georgia,2017,4306
516,3751,Georgia,2016,4015
517,3752,Georgia,2015,3965
518,3778,Germany,2021,51073
519,3779,Germany,2020,46678
520,3780,Germany,2019,46762
521,3781,Germany,2018,47944
522,3782,Germany,2017,44670
523,3783,Germany,2016,42116
524,3784,Germany,2015,40893
525,3830,Ghana,2021,2408
526,3831,Ghana,2020,2176
527,3832,Ghana,2019,2168
528,3833,Ghana,2018,2179
529,3834,Ghana,2017,1998
530,3835,Ghana,2016,1900
531,3836,Ghana,2015,1733
532,3882,Greece,2021,20571
533,3883,Greece,2020,17972
534,3884,Greece,2019,19411
535,3885,Greece,2018,19942
536,3886,Greece,2017,18690
537,3887,Greece,2016,17955
538,3888,Greece,2015,18100
539,3934,Greenland,2021,58185
540,3935,Greenland,2020,54902
541,3936,Greenland,2019,53535
542,3937,Greenland,2018,54634
543,3938,Greenland,2017,50987
544,3939,Greenland,2016,48414
545,3940,Greenland,2015,44710
546,3986,Grenada,2021,8950
547,3987,Grenada,2020,8437
548,3988,Grenada,2019,9887
549,3989,Grenada,2018,9574
550,3990,Grenada,2017,9309
551,3991,Grenada,2016,8849
552,3992,Grenada,2015,8379
553,4038,Guatemala,2021,4883
554,4039,Guatemala,2020,4470
555,4040,Guatemala,2019,4511
556,4041,Guatemala,2018,4351
557,4042,Guatemala,2017,4322
558,4043,Guatemala,2016,4054
559,4044,Guatemala,2015,3886
560,4090,Guinea,2021,1185
561,4091,Guinea,2020,1073
562,4092,Guinea,2019,1043
563,4093,Guinea,2018,944
564,4094,Guinea,2017,843
565,4095,Guinea,2016,721
566,4096,Guinea,2015,756
567,4142,Guinea-Bissau,2021,758
568,4143,Guinea-Bissau,2020,692
569,4144,Guinea-Bissau,2019,692
570,4145,Guinea-Bissau,2018,741
571,4146,Guinea-Bissau,2017,718
572,4147,Guinea-Bissau,2016,642
573,4148,Guinea-Bissau,2015,585
574,4194,Guyana,2021,9998
575,4195,Guyana,2020,6863
576,4196,Guyana,2019,6477
577,4197,Guyana,2018,6094
578,4198,Guyana,2017,6220
579,4199,Guyana,2016,5905
580,4200,Guyana,2015,5668
581,4246,Haiti,2021,1663
582,4247,Haiti,2020,1463
583,4248,Haiti,2019,1260
584,4249,Haiti,2018,1428
585,4250,Haiti,2017,1402
586,4251,Haiti,2016,1244
587,4252,Haiti,2015,1346
588,4298,Honduras,2021,2771
589,4299,Honduras,2020,2354
590,4300,Honduras,2019,2519
591,4301,Honduras,2018,2457
592,4302,Honduras,2017,2403
593,4303,Honduras,2016,2295
594,4304,Honduras,2015,2257
595,4350,Hungary,2021,18728
596,4351,Hungary,2020,16120
597,4352,Hungary,2019,16781
598,4353,Hungary,2018,16423
599,4354,Hungary,2017,14619
600,4355,Hungary,2016,13103
601,4356,Hungary,2015,12715
602,4402,Iceland,2021,69133
603,4403,Iceland,2020,59166
604,4404,Iceland,2019,68813
605,4405,Iceland,2018,74414
606,4406,Iceland,2017,71961
607,4407,Iceland,2016,61944
608,4408,Iceland,2015,52912
609,4454,India,2021,2274
610,4455,India,2020,1913
611,4456,India,2019,2061
612,4457,India,2018,2018
613,4458,India,2017,1937
614,4459,India,2016,1711
615,4460,India,2015,1622
616,4506,Indonesia,2021,4332
617,4507,Indonesia,2020,3894
618,4508,Indonesia,2019,4151
619,4509,Indonesia,2018,3902
620,4510,Indonesia,2017,3839
621,4511,Indonesia,2016,3558
622,4512,Indonesia,2015,3322
623,4558,Iran,2021,6766
624,4559,Iran,2020,6228
625,4560,Iran,2019,5999
626,4561,Iran,2018,6147
627,4562,Iran,2017,5960
628,4563,Iran,2016,5594
629,4564,Iran,2015,5100
630,4610,Iraq,2021,4686
631,4611,Iraq,2020,4251
632,4612,Iraq,2019,5621
633,4613,Iraq,2018,5601
634,4614,Iraq,2017,4725
635,4615,Iraq,2016,4305
636,4616,Iraq,2015,4416
637,4662,Ireland,2021,101108
638,4663,Ireland,2020,86098
639,4664,Ireland,2019,81560
640,4665,Ireland,2018,79788
641,4666,Ireland,2017,70491
642,4667,Ireland,2016,63380
643,4668,Ireland,2015,62510
644,4714,Israel,2021,54111
645,4715,Israel,2020,46486
646,4716,Israel,2019,46228
647,4717,Israel,2018,44184
648,4718,Israel,2017,42756
649,4719,Israel,2016,39100
650,4720,Israel,2015,37473
651,4766,Italy,2021,35578
652,4767,Italy,2020,31877
653,4768,Italy,2019,33674
654,4769,Italy,2018,34936
655,4770,Italy,2017,32694
656,4771,Italy,2016,31201
657,4772,Italy,2015,30480
658,4818,Jamaica,2021,5183
659,4819,Jamaica,2020,4897
660,4820,Jamaica,2019,5626
661,4821,Jamaica,2018,5594
662,4822,Jamaica,2017,5273
663,4823,Jamaica,2016,5022
664,4824,Jamaica,2015,5080
665,4870,Japan,2021,39649
666,4871,Japan,2020,40242
667,4872,Japan,2019,40728
668,4873,Japan,2018,39901
669,4874,Japan,2017,38928
670,4875,Japan,2016,39400
671,4876,Japan,2015,34930
672,4922,Jordan,2021,4058
673,4923,Jordan,2020,3998
674,4924,Jordan,2019,4159
675,4925,Jordan,2018,4104
676,4926,Jordan,2017,4053
677,4927,Jordan,2016,4003
678,4928,Jordan,2015,4064
679,4974,Kazakhstan,2021,10054
680,4975,Kazakhstan,2020,9014
681,4976,Kazakhstan,2019,9686
682,4977,Kazakhstan,2018,9674
683,4978,Kazakhstan,2017,9107
684,4979,Kazakhstan,2016,7593
685,4980,Kazakhstan,2015,10338
686,5006,Kenya,2021,2081
687,5007,Kenya,2020,1936
688,5008,Kenya,2019,1970
689,5009,Kenya,2018,1845
690,5010,Kenya,2017,1675
691,5011,Kenya,2016,1562
692,5012,Kenya,2015,1496
693,5058,Eswatini,2021,3968
694,5059,Eswatini,2020,3364
695,5060,Eswatini,2019,3843
696,5061,Eswatini,2018,4020
697,5062,Eswatini,2017,3822
698,5063,Eswatini,2016,3339
699,5064,Eswatini,2015,3579
700,5110,Kiribati,2021,1764
701,5111,Kiribati,2020,1404
702,5112,Kiribati,2019,1411
703,5113,Kiribati,2018,1605
704,5114,Kiribati,2017,1563
705,5115,Kiribati,2016,1506
706,5116,Kiribati,2015,1459
707,5162,Kosovo,2021,5663
708,5163,Kosovo,2020,4629
709,5164,Kosovo,2019,4682
710,5165,Kosovo,2018,4607
711,5166,Kosovo,2017,4146
712,5167,Kosovo,2016,3814
713,5168,Kosovo,2015,3577
714,5194,Kuwait,2021,32150
715,5195,Kuwait,2020,24297
716,5196,Kuwait,2019,30666
717,5197,Kuwait,2018,32012
718,5198,Kuwait,2017,29258
719,5199,Kuwait,2016,27026
720,5200,Kuwait,2015,29314
721,5246,Kyrgyzstan,2021,1339
722,5247,Kyrgyzstan,2020,1211
723,5248,Kyrgyzstan,2019,1402
724,5249,Kyrgyzstan,2018,1329
725,5250,Kyrgyzstan,2017,1258
726,5251,Kyrgyzstan,2016,1132
727,5252,Kyrgyzstan,2015,1129
728,5278,Lao People's Democratic Republic,2021,2568
729,5279,Lao People's Democratic Republic,2020,2611
730,5280,Lao People's Democratic Republic,2019,2598
731,5281,Lao People's Democratic Republic,2018,2553
732,5282,Lao People's Democratic Republic,2017,2439
733,5283,Lao People's Democratic Republic,2016,2293
734,5284,Lao People's Democratic Republic,2015,2120
735,5330,Latvia,2021,21267
736,5331,Latvia,2020,18239
737,5332,Latvia,2019,17919
738,5333,Latvia,2018,17786
739,5334,Latvia,2017,15593
740,5335,Latvia,2016,14220
741,5336,Latvia,2015,13681
742,5362,Lebanon,2021,6784
743,5363,Lebanon,2020,6895
744,5364,Lebanon,2019,8997
745,5365,Lebanon,2018,9225
746,5366,Lebanon,2017,8679
747,5367,Lebanon,2016,8172
748,5368,Lebanon,2015,7802
749,5414,Lesotho,2021,1040
750,5415,Lesotho,2020,938
751,5416,Lesotho,2019,1094
752,5417,Lesotho,2018,1162
753,5418,Lesotho,2017,1061
754,5419,Lesotho,2016,986
755,5420,Lesotho,2015,1113
756,5466,Liberia,2021,470
757,5467,Liberia,2020,487
758,5468,Liberia,2019,517
759,5469,Liberia,2018,561
760,5470,Liberia,2017,576
761,5471,Liberia,2016,585
762,5472,Liberia,2015,578
763,5518,Libya,2021,5791
764,5519,Libya,2020,7039
765,5520,Libya,2019,10542
766,5521,Libya,2018,11838
767,5522,Libya,2017,10529
768,5523,Libya,2016,7945
769,5524,Libya,2015,7867
770,5570,Liechtenstein,2021,169260
771,5571,Liechtenstein,2020,157781
772,5572,Liechtenstein,2019,167012
773,5573,Liechtenstein,2018,175286
774,5574,Liechtenstein,2017,170875
775,5575,Liechtenstein,2016,165845
776,5576,Liechtenstein,2015,167809
777,5622,Lithuania,2021,23844
778,5623,Lithuania,2020,20156
779,5624,Lithuania,2019,19217
780,5625,Lithuania,2018,18688
781,5626,Lithuania,2017,16443
782,5627,Lithuania,2016,14663
783,5628,Lithuania,2015,13975
784,5654,Luxembourg,2021,133745
785,5655,Luxembourg,2020,117374
786,5656,Luxembourg,2019,112626
787,5657,Luxembourg,2018,116793
788,5658,Luxembourg,2017,110203
789,5659,Luxembourg,2016,106581
790,5660,Luxembourg,2015,105455
791,5706,Madagascar,2021,499
792,5707,Madagascar,2020,462
793,5708,Madagascar,2019,512
794,5709,Madagascar,2018,512
795,5710,Madagascar,2017,503
796,5711,Madagascar,2016,464
797,5712,Madagascar,2015,455
798,5758,Malawi,2021,613
799,5759,Malawi,2020,607
800,5760,Malawi,2019,584
801,5761,Malawi,2018,537
802,5762,Malawi,2017,500
803,5763,Malawi,2016,409
804,5764,Malawi,2015,485
805,5810,Malaysia,2021,11100
806,5811,Malaysia,2020,10150
807,5812,Malaysia,2019,11135
808,5813,Malaysia,2018,11073
809,5814,Malaysia,2017,9979
810,5815,Malaysia,2016,9555
811,5816,Malaysia,2015,9699
812,5862,Maldives,2021,10366
813,5863,Maldives,2020,7282
814,5864,Maldives,2019,11118
815,5865,Maldives,2018,10823
816,5866,Maldives,2017,10063
817,5867,Maldives,2016,9640
818,5868,Maldives,2015,9434
819,5914,Mali,2021,874
820,5915,Mali,2020,822
821,5916,Mali,2019,840
822,5917,Mali,2018,856
823,5918,Mali,2017,795
824,5919,Mali,2016,750
825,5920,Mali,2015,722
826,5966,Malta,2021,33641
827,5967,Malta,2020,29175
828,5968,Malta,2019,31514
829,5969,Malta,2018,31112
830,5970,Malta,2017,28122
831,5971,Malta,2016,24930
832,5972,Malta,2015,24282
833,6018,Marshall Islands,2021,6111
834,6019,Marshall Islands,2020,5631
835,6020,Marshall Islands,2019,5357
836,6021,Marshall Islands,2018,4822
837,6022,Marshall Islands,2017,4515
838,6023,Marshall Islands,2016,4173
839,6024,Marshall Islands,2015,3728
840,6070,Mauritania,2021,2166
841,6071,Mauritania,2020,1868
842,6072,Mauritania,2019,1839
843,6073,Mauritania,2018,1749
844,6074,Mauritania,2017,1634
845,6075,Mauritania,2016,1579
846,6076,Mauritania,2015,1562
847,6122,Mauritius,2021,8872
848,6123,Mauritius,2020,8782
849,6124,Mauritius,2019,11134
850,6125,Mauritius,2018,11375
851,6126,Mauritius,2017,10591
852,6127,Mauritius,2016,9733
853,6128,Mauritius,2015,9285
854,6174,Mexico,2021,10045
855,6175,Mexico,2020,8654
856,6176,Mexico,2019,10145
857,6177,Mexico,2018,9857
858,6178,Mexico,2017,9434
859,6179,Mexico,2016,8875
860,6180,Mexico,2015,9753
861,6226,Micronesia,2021,3572
862,6227,Micronesia,2020,3635
863,6228,Micronesia,2019,3703
864,6229,Micronesia,2018,3623
865,6230,Micronesia,2017,3320
866,6231,Micronesia,2016,3022
867,6232,Micronesia,2015,2891
868,6278,Monaco,2021,234317
869,6279,Monaco,2020,182537
870,6280,Monaco,2019,199383
871,6281,Monaco,2018,194288
872,6282,Monaco,2017,173611
873,6283,Monaco,2016,174488
874,6284,Monaco,2015,170270
875,6330,Mongolia,2021,4509
876,6331,Mongolia,2020,4041
877,6332,Mongolia,2019,4394
878,6333,Mongolia,2018,4165
879,6334,Mongolia,2017,3708
880,6335,Mongolia,2016,3690
881,6336,Mongolia,2015,3919
882,6382,Montenegro,2021,9252
883,6383,Montenegro,2020,7600
884,6384,Montenegro,2019,8791
885,6385,Montenegro,2018,8720
886,6386,Montenegro,2017,7679
887,6387,Montenegro,2016,6906
888,6388,Montenegro,2015,6393
889,6414,Montserrat,2021,16199
890,6415,Montserrat,2020,15067
891,6416,Montserrat,2019,14506
892,6417,Montserrat,2018,14419
893,6418,Montserrat,2017,12697
894,6419,Montserrat,2016,12357
895,6420,Montserrat,2015,12133
896,6466,Morocco,2021,3853
897,6467,Morocco,2020,3307
898,6468,Morocco,2019,3551
899,6469,Morocco,2018,3544
900,6470,Morocco,2017,3336
901,6471,Morocco,2016,3178
902,6472,Morocco,2015,3183
903,6518,Mozambique,2021,491
904,6519,Mozambique,2020,454
905,6520,Mozambique,2019,508
906,6521,Mozambique,2018,504
907,6522,Mozambique,2017,462
908,6523,Mozambique,2016,430
909,6524,Mozambique,2015,594
910,6570,Myanmar,2021,1088
911,6571,Myanmar,2020,1465
912,6572,Myanmar,2019,1400
913,6573,Myanmar,2018,1397
914,6574,Myanmar,2017,1304
915,6575,Myanmar,2016,1290
916,6576,Myanmar,2015,1239
917,6622,Namibia,2021,4836
918,6623,Namibia,2020,4243
919,6624,Namibia,2019,5126
920,6625,Namibia,2018,5687
921,6626,Namibia,2017,5450
922,6627,Namibia,2016,4614
923,6628,Namibia,2015,4965
924,6674,Nauru,2021,12390
925,6675,Nauru,2020,11015
926,6676,Nauru,2019,10976
927,6677,Nauru,2018,11590
928,6678,Nauru,2017,11020
929,6679,Nauru,2016,10332
930,6680,Nauru,2015,9329
931,6726,Nepal,2021,1205
932,6727,Nepal,2020,1119
933,6728,Nepal,2019,1188
934,6729,Nepal,2018,1113
935,6730,Nepal,2017,1044
936,6731,Nepal,2016,871
937,6732,Nepal,2015,857
938,6778,Netherlands,2021,57871
939,6779,Netherlands,2020,52183
940,6780,Netherlands,2019,52420
941,6781,Netherlands,2018,52877
942,6782,Netherlands,2017,48460
943,6783,Netherlands,2016,45754
944,6784,Netherlands,2015,44906
945,6830,New Caledonia,2021,34994
946,6831,New Caledonia,2020,33011
947,6832,New Caledonia,2019,33204
948,6833,New Caledonia,2018,34738
949,6834,New Caledonia,2017,32263
950,6835,New Caledonia,2016,30726
951,6836,New Caledonia,2015,30861
952,6882,New Zealand,2021,48823
953,6883,New Zealand,2020,41930
954,6884,New Zealand,2019,43039
955,6885,New Zealand,2018,43805
956,6886,New Zealand,2017,43534
957,6887,New Zealand,2016,40453
958,6888,New Zealand,2015,38789
959,6934,Nicaragua,2021,2045
960,6935,Nicaragua,2020,1863
961,6936,Nicaragua,2019,1890
962,6937,Nicaragua,2018,1981
963,6938,Nicaragua,2017,2127
964,6939,Nicaragua,2016,2079
965,6940,Nicaragua,2015,2025
966,6986,Niger,2021,590
967,6987,Niger,2020,564
968,6988,Niger,2019,550
969,6989,Niger,2018,567
970,6990,Niger,2017,514
971,6991,Niger,2016,497
972,6992,Niger,2015,480
973,7038,Nigeria,2021,2019
974,7039,Nigeria,2020,2063
975,7040,Nigeria,2019,2334
976,7041,Nigeria,2018,2125
977,7042,Nigeria,2017,1941
978,7043,Nigeria,2016,2144
979,7044,Nigeria,2015,2688
980,7090,Norway,2021,89241
981,7091,Norway,2020,67325
982,7092,Norway,2019,75714
983,7093,Norway,2018,82261
984,7094,Norway,2017,75490
985,7095,Norway,2016,70431
986,7096,Norway,2015,74330
987,7142,Oman,2021,19509
988,7143,Oman,2020,16707
989,7144,Oman,2019,19132
990,7145,Oman,2018,19887
991,7146,Oman,2017,17802
992,7147,Oman,2016,17082
993,7148,Oman,2015,18777
994,7194,Pakistan,2021,1480
995,7195,Pakistan,2020,1292
996,7196,Pakistan,2019,1307
997,7197,Pakistan,2018,1464
998,7198,Pakistan,2017,1558
999,7199,Pakistan,2016,1462
1000,7200,Pakistan,2015,1407
1001,7246,Palau,2021,12084
1002,7247,Palau,2020,14013
1003,7248,Palau,2019,15567
1004,7249,Palau,2018,15947
1005,7250,Palau,2017,16012
1006,7251,Palau,2016,16785
1007,7252,Palau,2015,15760
1008,7298,Panama,2021,14617
1009,7299,Panama,2020,12569
1010,7300,Panama,2019,15826
1011,7301,Panama,2018,15588
1012,7302,Panama,2017,15185
1013,7303,Panama,2016,14382
1014,7304,Panama,2015,13669
1015,7350,Papua New Guinea,2021,2672
1016,7351,Papua New Guinea,2020,2446
1017,7352,Papua New Guinea,2019,2593
1018,7353,Papua New Guinea,2018,2595
1019,7354,Papua New Guinea,2017,2495
1020,7355,Papua New Guinea,2016,2332
1021,7356,Papua New Guinea,2015,2502
1022,7402,Paraguay,2021,6035
1023,7403,Paraguay,2020,5353
1024,7404,Paraguay,2019,5807
1025,7405,Paraguay,2018,6242
1026,7406,Paraguay,2017,6136
1027,7407,Paraguay,2016,5759
1028,7408,Paraguay,2015,5861
1029,7454,Peru,2021,6621
1030,7455,Peru,2020,6056
1031,7456,Peru,2019,6955
1032,7457,Peru,2018,6912
1033,7458,Peru,2017,6676
1034,7459,Peru,2016,6163
1035,7460,Peru,2015,6180
1036,7506,Philippines,2021,3460
1037,7507,Philippines,2020,3224
1038,7508,Philippines,2019,3413
1039,7509,Philippines,2018,3194
1040,7510,Philippines,2017,3077
1041,7511,Philippines,2016,3038
1042,7512,Philippines,2015,2974
1043,7558,Poland,2021,17736
1044,7559,Poland,2020,15598
1045,7560,Poland,2019,15484
1046,7561,Poland,2018,15284
1047,7562,Poland,2017,13615
1048,7563,Poland,2016,12198
1049,7564,Poland,2015,12375
1050,7610,Portugal,2021,24651
1051,7611,Portugal,2020,22240
1052,7612,Portugal,2019,23322
1053,7613,Portugal,2018,23548
1054,7614,Portugal,2017,21475
1055,7615,Portugal,2016,19964
1056,7616,Portugal,2015,19228
1057,7662,Puerto Rico,2021,32716
1058,7663,Puerto Rico,2020,31489
1059,7664,Puerto Rico,2019,31925
1060,7665,Puerto Rico,2018,30415
1061,7666,Puerto Rico,2017,30728
1062,7667,Puerto Rico,2016,30394
1063,7668,Puerto Rico,2015,29558
1064,7714,Qatar,2021,66798
1065,7715,Qatar,2020,52315
1066,7716,Qatar,2019,62827
1067,7717,Qatar,2018,66264
1068,7718,Qatar,2017,59407
1069,7719,Qatar,2016,58467
1070,7720,Qatar,2015,66984
1071,7766,South Korea,2021,34940
1072,7767,South Korea,2020,31716
1073,7768,South Korea,2019,31874
1074,7769,South Korea,2018,33375
1075,7770,South Korea,2017,31524
1076,7771,South Korea,2016,29236
1077,7772,South Korea,2015,28743
1078,7818,Moldova,2021,4468
1079,7819,Moldova,2020,3844
1080,7820,Moldova,2019,3849
1081,7821,Moldova,2018,3646
1082,7822,Moldova,2017,3040
1083,7823,Moldova,2016,2502
1084,7824,Moldova,2015,2363
1085,7850,North Macedonia,2021,6599
1086,7851,North Macedonia,2020,5738
1087,7852,North Macedonia,2019,5962
1088,7853,North Macedonia,2018,6001
1089,7854,North Macedonia,2017,5353
1090,7855,North Macedonia,2016,5057
1091,7856,North Macedonia,2015,4774
1092,7882,Romania,2021,14697
1093,7883,Romania,2020,12928
1094,7884,Romania,2019,12856
1095,7885,Romania,2018,12409
1096,7886,Romania,2017,10667
1097,7887,Romania,2016,9358
1098,7888,Romania,2015,8936
1099,7934,Russian Federation,2021,12258
1100,7935,Russian Federation,2020,10227
1101,7936,Russian Federation,2019,11617
1102,7937,Russian Federation,2018,11378
1103,7938,Russian Federation,2017,10822
1104,7939,Russian Federation,2016,8798
1105,7940,Russian Federation,2015,9424
1106,7966,Rwanda,2021,822
1107,7967,Rwanda,2020,774
1108,7968,Rwanda,2019,806
1109,7969,Rwanda,2018,769
1110,7970,Rwanda,2017,756
1111,7971,Rwanda,2016,728
1112,7972,Rwanda,2015,732
1113,8018,Saint Kitts and Nevis,2021,18082
1114,8019,Saint Kitts and Nevis,2020,18566
1115,8020,Saint Kitts and Nevis,2019,23219
1116,8021,Saint Kitts and Nevis,2018,22548
1117,8022,Saint Kitts and Nevis,2017,22160
1118,8023,Saint Kitts and Nevis,2016,21095
1119,8024,Saint Kitts and Nevis,2015,20025
1120,8070,Saint Lucia,2021,9824
1121,8071,Saint Lucia,2020,9020
1122,8072,Saint Lucia,2019,11864
1123,8073,Saint Lucia,2018,11609
1124,8074,Saint Lucia,2017,11270
1125,8075,Saint Lucia,2016,10574
1126,8076,Saint Lucia,2015,10306
1127,8122,Saint Vincent and the Grenadines,2021,8440
1128,8123,Saint Vincent and the Grenadines,2020,8335
1129,8124,Saint Vincent and the Grenadines,2019,8674
1130,8125,Saint Vincent and the Grenadines,2018,8399
1131,8126,Saint Vincent and the Grenadines,2017,8030
1132,8127,Saint Vincent and the Grenadines,2016,7684
1133,8128,Saint Vincent and the Grenadines,2015,7386
1134,8174,Samoa,2021,3918
1135,8175,Samoa,2020,3857
1136,8176,Samoa,2019,4306
1137,8177,Samoa,2018,4263
1138,8178,Samoa,2017,4246
1139,8179,Samoa,2016,4233
1140,8180,Samoa,2015,4055
1141,8226,San Marino,2021,50425
1142,8227,San Marino,2020,45423
1143,8228,San Marino,2019,47288
1144,8229,San Marino,2018,48464
1145,8230,San Marino,2017,44885
1146,8231,San Marino,2016,43368
1147,8232,San Marino,2015,42264
1148,8278,Sao Tome and Principe,2021,2485
1149,8279,Sao Tome and Principe,2020,2179
1150,8280,Sao Tome and Principe,2019,2006
1151,8281,Sao Tome and Principe,2018,1965
1152,8282,Sao Tome and Principe,2017,1819
1153,8283,Sao Tome and Principe,2016,1698
1154,8284,Sao Tome and Principe,2015,1582
1155,8330,Saudi Arabia,2021,23185
1156,8331,Saudi Arabia,2020,19539
1157,8332,Saudi Arabia,2019,22430
1158,8333,Saudi Arabia,2018,23318
1159,8334,Saudi Arabia,2017,20138
1160,8335,Saudi Arabia,2016,19300
1161,8336,Saudi Arabia,2015,19977
1162,8382,Senegal,2021,1636
1163,8383,Senegal,2020,1490
1164,8384,Senegal,2019,1462
1165,8385,Senegal,2018,1484
1166,8386,Senegal,2017,1385
1167,8387,Senegal,2016,1290
1168,8388,Senegal,2015,1237
1169,8434,Serbia,2021,8643
1170,8435,Serbia,2020,7248
1171,8436,Serbia,2019,6960
1172,8437,Serbia,2018,6812
1173,8438,Serbia,2017,5918
1174,8439,Serbia,2016,5430
1175,8440,Serbia,2015,5273
1176,8466,Seychelles,2021,12084
1177,8467,Seychelles,2020,11214
1178,8468,Seychelles,2019,15761
1179,8469,Seychelles,2018,15400
1180,8470,Seychelles,2017,15025
1181,8471,Seychelles,2016,14515
1182,8472,Seychelles,2015,14020
1183,8518,Sierra Leone,2021,504
1184,8519,Sierra Leone,2020,493
1185,8520,Sierra Leone,2019,506
1186,8521,Sierra Leone,2018,519
1187,8522,Sierra Leone,2017,487
1188,8523,Sierra Leone,2016,515
1189,8524,Sierra Leone,2015,580
1190,8570,Singapore,2021,66821
1191,8571,Singapore,2020,58425
1192,8572,Singapore,2019,64005
1193,8573,Singapore,2018,64835
1194,8574,Singapore,2017,59534
1195,8575,Singapore,2016,55816
1196,8576,Singapore,2015,54512
1197,8622,"Sint Maarten, Dutch part",2021,26198
1198,8623,"Sint Maarten, Dutch part",2020,25943
1199,8624,"Sint Maarten, Dutch part",2019,32010
1200,8625,"Sint Maarten, Dutch part",2018,30547
1201,8626,"Sint Maarten, Dutch part",2017,30784
1202,8627,"Sint Maarten, Dutch part",2016,33905
1203,8628,"Sint Maarten, Dutch part",2015,34000
1204,8639,Slovakia,2021,21390
1205,8640,Slovakia,2020,19553
1206,8641,Slovakia,2019,19384
1207,8642,Slovakia,2018,19486
1208,8643,Slovakia,2017,17584
1209,8644,Slovakia,2016,16550
1210,8645,Slovakia,2015,16382
1211,8671,Slovenia,2021,29134
1212,8672,Slovenia,2020,25361
1213,8673,Slovenia,2019,25714
1214,8674,Slovenia,2018,25726
1215,8675,Slovenia,2017,23155
1216,8676,Slovenia,2016,21404
1217,8677,Slovenia,2015,20707
1218,8703,Solomon Islands,2021,2305
1219,8704,Solomon Islands,2020,2222
1220,8705,Solomon Islands,2019,2398
1221,8706,Solomon Islands,2018,2450
1222,8707,Solomon Islands,2017,2283
1223,8708,Solomon Islands,2016,2196
1224,8709,Solomon Islands,2015,2134
1225,8755,Somalia,2021,446
1226,8756,Somalia,2020,416
1227,8757,Somalia,2019,405
1228,8758,Somalia,2018,380
1229,8759,Somalia,2017,377
1230,8760,Somalia,2016,387
1231,8761,Somalia,2015,387
1232,8807,South Africa,2021,7055
1233,8808,South Africa,2020,5741
1234,8809,South Africa,2019,6688
1235,8810,South Africa,2018,7044
1236,8811,South Africa,2017,6723
1237,8812,South Africa,2016,5734
1238,8813,South Africa,2015,6200
1239,8859,South Sudan,2021,400
1240,8860,South Sudan,2020,397
1241,8861,South Sudan,2019,412
1242,8862,South Sudan,2018,365
1243,8863,South Sudan,2017,335
1244,8864,South Sudan,2016,296
1245,8865,South Sudan,2015,556
1246,8873,Spain,2021,30058
1247,8874,Spain,2020,26960
1248,8875,Spain,2019,29583
1249,8876,Spain,2018,30383
1250,8877,Spain,2017,28190
1251,8878,Spain,2016,26525
1252,8879,Spain,2015,25751
1253,8925,Sri Lanka,2021,3918
1254,8926,Sri Lanka,2020,3728
1255,8927,Sri Lanka,2019,3875
1256,8928,Sri Lanka,2018,4076
1257,8929,Sri Lanka,2017,4065
1258,8930,Sri Lanka,2016,3845
1259,8931,Sri Lanka,2015,3777
1260,8977,Palestine,2021,3513
1261,8978,Palestine,2020,3094
1262,8979,Palestine,2019,3489
1263,8980,Palestine,2018,3387
1264,8981,Palestine,2017,3430
1265,8982,Palestine,2016,3353
1266,8983,Palestine,2015,3115
1267,9029,Sudan,2021,785
1268,9030,Sudan,2020,771
1269,9031,Sudan,2019,812
1270,9032,Sudan,2018,1151
1271,9033,Sudan,2017,3000
1272,9034,Sudan,2016,2277
1273,9035,Sudan,2015,2198
1274,9043,Suriname,2021,5259
1275,9044,Suriname,2020,6851
1276,9045,Suriname,2019,7087
1277,9046,Suriname,2018,6352
1278,9047,Suriname,2017,5774
1279,9048,Suriname,2016,5401
1280,9049,Suriname,2015,8907
1281,9095,Sweden,2021,60729
1282,9096,Sweden,2020,52758
1283,9097,Sweden,2019,51994
1284,9098,Sweden,2018,54658
1285,9099,Sweden,2017,53788
1286,9100,Sweden,2016,51807
1287,9101,Sweden,2015,51282
1288,9147,Switzerland,2021,93525
1289,9148,Switzerland,2020,87079
1290,9149,Switzerland,2019,85325
1291,9150,Switzerland,2018,86387
1292,9151,Switzerland,2017,83353
1293,9152,Switzerland,2016,83077
1294,9153,Switzerland,2015,84782
1295,9199,Syrian Arab Republic,2021,924
1296,9200,Syrian Arab Republic,2020,1117
1297,9201,Syrian Arab Republic,2019,1323
1298,9202,Syrian Arab Republic,2018,1142
1299,9203,Syrian Arab Republic,2017,889
1300,9204,Syrian Arab Republic,2016,700
1301,9205,Syrian Arab Republic,2015,1039
1302,9251,Tajikistan,2021,897
1303,9252,Tajikistan,2020,852
1304,9253,Tajikistan,2019,889
1305,9254,Tajikistan,2018,850
1306,9255,Tajikistan,2017,844
1307,9256,Tajikistan,2016,801
1308,9257,Tajikistan,2015,970
1309,9283,Thailand,2021,7066
1310,9284,Thailand,2020,6998
1311,9285,Thailand,2019,7630
1312,9286,Thailand,2018,7124
1313,9287,Thailand,2017,6436
1314,9288,Thailand,2016,5854
1315,9289,Thailand,2015,5708
1316,9335,Timor-Leste,2021,1517
1317,9336,Timor-Leste,2020,1463
1318,9337,Timor-Leste,2019,1599
1319,9338,Timor-Leste,2018,1255
1320,9339,Timor-Leste,2017,1299
1321,9340,Timor-Leste,2016,1347
1322,9341,Timor-Leste,2015,1322
1323,9367,Togo,2021,943
1324,9368,Togo,2020,868
1325,9369,Togo,2019,848
1326,9370,Togo,2018,873
1327,9371,Togo,2017,813
1328,9372,Togo,2016,792
1329,9373,Togo,2015,769
1330,9419,Tonga,2021,4450
1331,9420,Tonga,2020,4626
1332,9421,Tonga,2019,4839
1333,9422,Tonga,2018,4560
1334,9423,Tonga,2017,4376
1335,9424,Tonga,2016,3981
1336,9425,Tonga,2015,3799
1337,9471,Trinidad and Tobago,2021,16032
1338,9472,Trinidad and Tobago,2020,13871
1339,9473,Trinidad and Tobago,2019,15691
1340,9474,Trinidad and Tobago,2018,16164
1341,9475,Trinidad and Tobago,2017,16094
1342,9476,Trinidad and Tobago,2016,15991
1343,9477,Trinidad and Tobago,2015,18389
1344,9523,Tunisia,2021,3807
1345,9524,Tunisia,2020,3497
1346,9525,Tunisia,2019,3477
1347,9526,Tunisia,2018,3577
1348,9527,Tunisia,2017,3569
1349,9528,Tunisia,2016,3796
1350,9529,Tunisia,2015,3960
1351,9575,Turkey,2021,9661
1352,9576,Turkey,2020,8561
1353,9577,Turkey,2019,9103
1354,9578,Turkey,2018,9400
1355,9579,Turkey,2017,10464
1356,9580,Turkey,2016,10734
1357,9581,Turkey,2015,10851
1358,9627,Turkmenistan,2021,8507
1359,9628,Turkmenistan,2020,7381
1360,9629,Turkmenistan,2019,7459
1361,9630,Turkmenistan,2018,6962
1362,9631,Turkmenistan,2017,6738
1363,9632,Turkmenistan,2016,6163
1364,9633,Turkmenistan,2015,6251
1365,9659,Turks and Caicos Islands,2021,20908
1366,9660,Turks and Caicos Islands,2020,20882
1367,9661,Turks and Caicos Islands,2019,27795
1368,9662,Turks and Caicos Islands,2018,26831
1369,9663,Turks and Caicos Islands,2017,25659
1370,9664,Turks and Caicos Islands,2016,26995
1371,9665,Turks and Caicos Islands,2015,25783
1372,9711,Tuvalu,2021,5370
1373,9712,Tuvalu,2020,4675
1374,9713,Tuvalu,2019,4942
1375,9714,Tuvalu,2018,4421
1376,9715,Tuvalu,2017,4183
1377,9716,Tuvalu,2016,3801
1378,9717,Tuvalu,2015,3327
1379,9763,Uganda,2021,930
1380,9764,Uganda,2020,857
1381,9765,Uganda,2019,879
1382,9766,Uganda,2018,820
1383,9767,Uganda,2017,787
1384,9768,Uganda,2016,786
1385,9769,Uganda,2015,781
1386,9815,Ukraine,2021,4596
1387,9816,Ukraine,2020,3566
1388,9817,Ukraine,2019,3480
1389,9818,Ukraine,2018,2944
1390,9819,Ukraine,2017,2510
1391,9820,Ukraine,2016,2082
1392,9821,Ukraine,2015,2023
1393,9847,United Arab Emirates,2021,43295
1394,9848,United Arab Emirates,2020,38463
1395,9849,United Arab Emirates,2019,45292
1396,9850,United Arab Emirates,2018,46193
1397,9851,United Arab Emirates,2017,42522
1398,9852,United Arab Emirates,2016,39696
1399,9853,United Arab Emirates,2015,40163
1400,9899,United Kingdom of Great Britain and Northern Ireland,2021,46541
1401,9900,United Kingdom of Great Britain and Northern Ireland,2020,40331
1402,9901,United Kingdom of Great Britain and Northern Ireland,2019,42783
1403,9902,United Kingdom of Great Britain and Northern Ireland,2018,43324
1404,9903,United Kingdom of Great Britain and Northern Ireland,2017,40617
1405,9904,United Kingdom of Great Britain and Northern Ireland,2016,41118
1406,9905,United Kingdom of Great Britain and Northern Ireland,2015,44996
1407,9951,Tanzania,2021,1136
1408,9952,Tanzania,2020,1097
1409,9953,Tanzania,2019,1047
1410,9954,Tanzania,2018,1008
1411,9955,Tanzania,2017,973
1412,9956,Tanzania,2016,940
1413,9957,Tanzania,2015,927
1414,10003,United Republic of Tanzania: Zanzibar,2021,1211
1415,10004,United Republic of Tanzania: Zanzibar,2020,1097
1416,10005,United Republic of Tanzania: Zanzibar,2019,1111
1417,10006,United Republic of Tanzania: Zanzibar,2018,1043
1418,10007,United Republic of Tanzania: Zanzibar,2017,945
1419,10008,United Republic of Tanzania: Zanzibar,2016,847
1420,10009,United Republic of Tanzania: Zanzibar,2015,821
1421,10035,United States of America,2021,69184
1422,10036,United States of America,2020,62690
1423,10037,United States of America,2019,63953
1424,10038,United States of America,2018,61820
1425,10039,United States of America,2017,59059
1426,10040,United States of America,2016,57134
1427,10041,United States of America,2015,56086
1428,10087,Uruguay,2021,17312
1429,10088,Uruguay,2020,15619
1430,10089,Uruguay,2019,17859
1431,10090,Uruguay,2018,18825
1432,10091,Uruguay,2017,18769
1433,10092,Uruguay,2016,16766
1434,10093,Uruguay,2015,16774
1435,10139,Uzbekistan,2021,2031
1436,10140,Uzbekistan,2020,1786
1437,10141,Uzbekistan,2019,1816
1438,10142,Uzbekistan,2018,1621
1439,10143,Uzbekistan,2017,1943
1440,10144,Uzbekistan,2016,2738
1441,10145,Uzbekistan,2015,2785
1442,10171,Vanuatu,2021,3072
1443,10172,Vanuatu,2020,2917
1444,10173,Vanuatu,2019,3089
1445,10174,Vanuatu,2018,3076
1446,10175,Vanuatu,2017,3032
1447,10176,Vanuatu,2016,2839
1448,10177,Vanuatu,2015,2748
1449,10223,Venezuela,2021,3965
1450,10224,Venezuela,2020,3738
1451,10225,Venezuela,2019,5183
1452,10226,Venezuela,2018,6842
1453,10227,Venezuela,2017,8112
1454,10228,Venezuela,2016,9385
1455,10229,Venezuela,2015,11278
1456,10275,Viet Nam,2021,3756
1457,10276,Viet Nam,2020,3586
1458,10277,Viet Nam,2019,3491
1459,10278,Viet Nam,2018,3267
1460,10279,Viet Nam,2017,2992
1461,10280,Viet Nam,2016,2760
1462,10281,Viet Nam,2015,2595
1463,10327,Yemen,2021,301
1464,10328,Yemen,2020,291
1465,10329,Yemen,2019,411
1466,10330,Yemen,2018,866
1467,10331,Yemen,2017,612
1468,10332,Yemen,2016,639
1469,10333,Yemen,2015,870
1470,10402,Zambia,2021,1094
1471,10403,Zambia,2020,956
1472,10404,Zambia,2019,1268
1473,10405,Zambia,2018,1475
1474,10406,Zambia,2017,1495
1475,10407,Zambia,2016,1279
1476,10408,Zambia,2015,1283
1477,10454,Zimbabwe,2021,1507
1478,10455,Zimbabwe,2020,1382
1479,10456,Zimbabwe,2019,1471
1480,10457,Zimbabwe,2018,1570
1481,10458,Zimbabwe,2017,1494
1482,10459,Zimbabwe,2016,1421
1483,10460,Zimbabwe,2015,1410
