,Country,Year,GDP
0,Afghanistan,2021,372
1,Afghanistan,2020,516
2,Afghanistan,2019,500
3,Afghanistan,2018,502
4,Afghanistan,2017,530
5,Afghanistan,2016,520
6,Afghanistan,2015,554
52,Albania,2021,6396
53,Albania,2020,5278
54,Albania,2019,5359
55,Albania,2018,5268
56,Albania,2017,4521
57,Albania,2016,4117
58,Albania,2015,3950
104,Algeria,2021,3700
105,Algeria,2020,3354
106,Algeria,2019,4021
107,Algeria,2018,4171
108,Algeria,2017,4134
109,Algeria,2016,3967
110,Algeria,2015,4197
156,Andorra,2021,42066
157,Andorra,2020,37207
158,Andorra,2019,41328
159,Andorra,2018,42904
160,Andorra,2017,40632
161,Andorra,2016,39904
162,Andorra,2015,38869
208,Angola,2021,2044
209,Angola,2020,1639
210,Angola,2019,2569
211,Angola,2018,3240
212,Angola,2017,4042
213,Angola,2016,3468
214,Angola,2015,4130
260,Anguilla,2021,19216
261,Anguilla,2020,16582
262,Anguilla,2019,24494
263,Anguilla,2018,21240
264,Anguilla,2017,18718
265,Anguilla,2016,21518
266,Anguilla,2015,22756
312,Antigua and Barbuda,2021,15245
313,Antigua and Barbuda,2020,14788
314,Antigua and Barbuda,2019,18319
315,Antigua and Barbuda,2018,17527
316,Antigua and Barbuda,2017,16110
317,Antigua and Barbuda,2016,15862
318,Antigua and Barbuda,2015,14861
364,Argentina,2021,10761
365,Argentina,2020,8560
366,Argentina,2019,10006
367,Argentina,2018,11816
368,Argentina,2017,14609
369,Argentina,2016,12767
370,Argentina,2015,14908
416,Armenia,2021,4966
417,Armenia,2020,4505
418,Armenia,2019,4828
419,Armenia,2018,4391
420,Armenia,2017,4041
421,Armenia,2016,3679
422,Armenia,2015,3666
448,Aruba,2021,29342
449,Aruba,2020,24487
450,Aruba,2019,31650
451,Aruba,2018,30220
452,Aruba,2017,29329
453,Aruba,2016,28449
454,Aruba,2015,28419
500,Australia,2021,66915
501,Australia,2020,55774
502,Australia,2019,54267
503,Australia,2018,58225
504,Australia,2017,57430
505,Australia,2016,54037
506,Australia,2015,52276
552,Austria,2021,53840
553,Austria,2020,48859
554,Austria,2019,50070
555,Austria,2018,51466
556,Austria,2017,47429
557,Austria,2016,45277
558,Austria,2015,44179
604,Azerbaijan,2021,5296
605,Azerbaijan,2020,4151
606,Azerbaijan,2019,4707
607,Azerbaijan,2018,4640
608,Azerbaijan,2017,4057
609,Azerbaijan,2016,3795
610,Azerbaijan,2015,5381
636,Bahamas,2021,27478
637,Bahamas,2020,23862
638,Bahamas,2019,32610
639,Bahamas,2018,31738
640,Bahamas,2017,30969
641,Bahamas,2016,29887
642,Bahamas,2015,30206
688,Bahrain,2021,26562
689,Bahrain,2020,23501
690,Bahrain,2019,25869
691,Bahrain,2018,25415
692,Bahrain,2017,24349
693,Bahrain,2016,22867
694,Bahrain,2015,22795
740,Bangladesh,2021,2449
741,Bangladesh,2020,2231
742,Bangladesh,2019,2111
743,Bangladesh,2018,1931
744,Bangladesh,2017,1785
745,Bangladesh,2016,1651
746,Bangladesh,2015,1449
792,Barbados,2021,17225
793,Barbados,2020,16643
794,Barbados,2019,19002
795,Barbados,2018,18224
796,Barbados,2017,17843
797,Barbados,2016,17343
798,Barbados,2015,16990
844,Belarus,2021,7121
845,Belarus,2020,6370
846,Belarus,2019,6658
847,Belarus,2018,6191
848,Belarus,2017,5637
849,Belarus,2016,4915
850,Belarus,2015,5819
876,Belgium,2021,51165
877,Belgium,2020,45426
878,Belgium,2019,46551
879,Belgium,2018,47455
880,Belgium,2017,44162
881,Belgium,2016,42038
882,Belgium,2015,41086
928,Belize,2021,6228
929,Belize,2020,5267
930,Belize,2019,6210
931,Belize,2018,6059
932,Belize,2017,6101
933,Belize,2016,6148
934,Belize,2015,6142
980,Benin,2021,1360
981,Benin,2020,1240
982,Benin,2019,1170
983,Benin,2018,1194
984,Benin,2017,1095
985,Benin,2016,1049
986,Benin,2015,1040
1032,Bermuda,2021,112652
1033,Bermuda,2020,107473
1034,Bermuda,2019,116333
1035,Bermuda,2018,113667
1036,Bermuda,2017,112877
1037,Bermuda,2016,109404
1038,Bermuda,2015,105386
1084,Bhutan,2021,3062
1085,Bhutan,2020,2997
1086,Bhutan,2019,3303
1087,Bhutan,2018,3210
1088,Bhutan,2017,3240
1089,Bhutan,2016,2879
1090,Bhutan,2015,2695
1136,Bolivia (Plurinational State of),2021,3345
1137,Bolivia (Plurinational State of),2020,3068
1138,Bolivia (Plurinational State of),2019,3472
1139,Bolivia (Plurinational State of),2018,3471
1140,Bolivia (Plurinational State of),2017,3280
1141,Bolivia (Plurinational State of),2016,3013
1142,Bolivia (Plurinational State of),2015,2975
1188,Bosnia and Herzegovina,2021,7143
1189,Bosnia and Herzegovina,2020,6012
1190,Bosnia and Herzegovina,2019,6011
1191,Bosnia and Herzegovina,2018,5936
1192,Bosnia and Herzegovina,2017,5255
1193,Bosnia and Herzegovina,2016,4858
1194,Bosnia and Herzegovina,2015,4599
1220,Botswana,2021,6805
1221,Botswana,2020,5863
1222,Botswana,2019,6679
1223,Botswana,2018,6947
1224,Botswana,2017,6705
1225,Botswana,2016,6411
1226,Botswana,2015,5869
1272,Brazil,2021,7507
1273,Brazil,2020,6794
1274,Brazil,2019,8883
1275,Brazil,2018,9121
1276,Brazil,2017,9896
1277,Brazil,2016,8680
1278,Brazil,2015,8783
1324,British Virgin Islands,2021,49443
1325,British Virgin Islands,2020,48272
1326,British Virgin Islands,2019,47005
1327,British Virgin Islands,2018,45553
1328,British Virgin Islands,2017,43472
1329,British Virgin Islands,2016,47178
1330,British Virgin Islands,2015,43558
1376,Brunei Darussalam,2021,31448
1377,Brunei Darussalam,2020,27179
1378,Brunei Darussalam,2019,30748
1379,Brunei Darussalam,2018,31240
1380,Brunei Darussalam,2017,28186
1381,Brunei Darussalam,2016,26761
1382,Brunei Darussalam,2015,30681
1428,Bulgaria,2021,12207
1429,Bulgaria,2020,10064
1430,Bulgaria,2019,9771
1431,Bulgaria,2018,9323
1432,Bulgaria,2017,8242
1433,Bulgaria,2016,7445
1434,Bulgaria,2015,6947
1480,Burkina Faso,2021,893
1481,Burkina Faso,2020,833
1482,Burkina Faso,2019,772
1483,Burkina Faso,2018,779
1484,Burkina Faso,2017,711
1485,Burkina Faso,2016,665
1486,Burkina Faso,2015,631
1532,Burundi,2021,310
1533,Burundi,2020,295
1534,Burundi,2019,283
1535,Burundi,2018,288
1536,Burundi,2017,295
1537,Burundi,2016,268
1538,Burundi,2015,262
1584,Cabo Verde,2021,3293
1585,Cabo Verde,2020,2924
1586,Cabo Verde,2019,3434
1587,Cabo Verde,2018,3442
1588,Cabo Verde,2017,3132
1589,Cabo Verde,2016,2978
1590,Cabo Verde,2015,2890
1636,Cambodia,2021,1607
1637,Cambodia,2020,1542
1638,Cambodia,2019,1671
1639,Cambodia,2018,1533
1640,Cambodia,2017,1400
1641,Cambodia,2016,1281
1642,Cambodia,2015,1170
1688,Cameroon,2021,1668
1689,Cameroon,2020,1540
1690,Cameroon,2019,1538
1691,Cameroon,2018,1594
1692,Cameroon,2017,1479
1693,Cameroon,2016,1426
1694,Cameroon,2015,1398
1740,Canada,2021,52112
1741,Canada,2020,43427
1742,Canada,2019,46411
1743,Canada,2018,46493
1744,Canada,2017,45125
1745,Canada,2016,42317
1746,Canada,2015,43549
1792,Cayman Islands,2021,85250
1793,Cayman Islands,2020,83326
1794,Cayman Islands,2019,89868
1795,Cayman Islands,2018,85231
1796,Cayman Islands,2017,81255
1797,Cayman Islands,2016,78858
1798,Cayman Islands,2015,77295
1844,Central African Republic,2021,461
1845,Central African Republic,2020,435
1846,Central African Republic,2019,426
1847,Central African Republic,2018,435
1848,Central African Republic,2017,414
1849,Central African Republic,2016,372
1850,Central African Republic,2015,351
1896,Chad,2021,955
1897,Chad,2020,895
1898,Chad,2019,948
1899,Chad,2018,984
1900,Chad,2017,884
1901,Chad,2016,895
1902,Chad,2015,1018
1948,Chile,2021,16265
1949,Chile,2020,13094
1950,Chile,2019,14631
1951,Chile,2018,15795
1952,Chile,2017,15081
1953,Chile,2016,13848
1954,Chile,2015,13649
2000,China (mainland),2021,12437
2001,China (mainland),2020,10307
2002,China (mainland),2019,10043
2003,China (mainland),2018,9805
2004,China (mainland),2017,8729
2005,China (mainland),2016,8012
2006,China (mainland),2015,7936
2052,"China, Hong Kong SAR",2021,49258
2053,"China, Hong Kong SAR",2020,45984
2054,"China, Hong Kong SAR",2019,48431
2055,"China, Hong Kong SAR",2018,48349
2056,"China, Hong Kong SAR",2017,45737
2057,"China, Hong Kong SAR",2016,43150
2058,"China, Hong Kong SAR",2015,41809
2104,"China, Macao Special Administrative Region",2021,43554
2105,"China, Macao Special Administrative Region",2020,37833
2106,"China, Macao Special Administrative Region",2019,83183
2107,"China, Macao Special Administrative Region",2018,84923
2108,"China, Macao Special Administrative Region",2017,78985
2109,"China, Macao Special Administrative Region",2016,71919
2110,"China, Macao Special Administrative Region",2015,73220
2156,Colombia,2021,6104
2157,Colombia,2020,5307
2158,Colombia,2019,6438
2159,Colombia,2018,6782
2160,Colombia,2017,6450
2161,Colombia,2016,5938
2162,Colombia,2015,6228
2208,Comoros,2021,1631
2209,Comoros,2020,1532
2210,Comoros,2019,1507
2211,Comoros,2018,1531
2212,Comoros,2017,1414
2213,Comoros,2016,1356
2214,Comoros,2015,1322
2260,Congo,2021,2200
2261,Congo,2020,1838
2262,Congo,2019,2317
2263,Congo,2018,2512
2264,Congo,2017,2088
2265,Congo,2016,1970
2266,Congo,2015,2346
2312,Cook Islands,2021,19263
2313,Cook Islands,2020,16641
2314,Cook Islands,2019,20853
2315,Cook Islands,2018,21023
2316,Cook Islands,2017,19868
2317,Cook Islands,2016,17659
2318,Cook Islands,2015,17076
2364,Costa Rica,2021,12472
2365,Costa Rica,2020,12132
2366,Costa Rica,2019,12669
2367,Costa Rica,2018,12383
2368,Costa Rica,2017,12118
2369,Costa Rica,2016,11899
2370,Costa Rica,2015,11529
2416,Côte d'Ivoire,2021,2538
2417,Côte d'Ivoire,2020,2288
2418,Côte d'Ivoire,2019,2238
2419,Côte d'Ivoire,2018,2275
2420,Côte d'Ivoire,2017,2076
2421,Côte d'Ivoire,2016,1980
2422,Côte d'Ivoire,2015,1940
2468,Croatia,2021,16983
2469,Croatia,2020,14028
2470,Croatia,2019,15092
2471,Croatia,2018,14978
2472,Croatia,2017,13434
2473,Croatia,2016,12405
2474,Croatia,2015,11808
2500,Cuba,2021,11255
2501,Cuba,2020,9499
2502,Cuba,2019,9139
2503,Cuba,2018,8831
2504,Cuba,2017,8543
2505,Cuba,2016,8055
2506,Cuba,2015,7690
2552,Curaçao,2021,14183
2553,Curaçao,2020,13187
2554,Curaçao,2019,15510
2555,Curaçao,2018,16351
2556,Curaçao,2017,17545
2557,Curaçao,2016,17657
2558,Curaçao,2015,17943
2569,Cyprus,2021,32280
2570,Cyprus,2020,28570
2571,Cyprus,2019,29850
2572,Cyprus,2018,29422
2573,Cyprus,2017,26682
2574,Cyprus,2016,24697
2575,Cyprus,2015,23476
2621,Czechia,2021,26808
2622,Czechia,2020,23357
2623,Czechia,2019,23968
2624,Czechia,2018,23636
2625,Czechia,2017,20759
2626,Czechia,2016,18643
2627,Czechia,2015,17867
2653,Democratic People's Republic of Korea,2021,654
2654,Democratic People's Republic of Korea,2020,621
2655,Democratic People's Republic of Korea,2019,643
2656,Democratic People's Republic of Korea,2018,691
2657,Democratic People's Republic of Korea,2017,690
2658,Democratic People's Republic of Korea,2016,670
2659,Democratic People's Republic of Korea,2015,653
2705,Democratic Republic of the Congo,2021,551
2706,Democratic Republic of the Congo,2020,487
2707,Democratic Republic of the Congo,2019,526
2708,Democratic Republic of the Congo,2018,541
2709,Democratic Republic of the Congo,2017,446
2710,Democratic Republic of the Congo,2016,495
2711,Democratic Republic of the Congo,2015,482
2757,Denmark,2021,68036
2758,Denmark,2020,60975
2759,Denmark,2019,59783
2760,Denmark,2018,61879
2761,Denmark,2017,57888
2762,Denmark,2016,54866
2763,Denmark,2015,53308
2809,Djibouti,2021,3348
2810,Djibouti,2020,3140
2811,Djibouti,2019,2948
2812,Djibouti,2018,2765
2813,Djibouti,2017,2659
2814,Djibouti,2016,2559
2815,Djibouti,2015,2430
2861,Dominica,2021,7570
2862,Dominica,2020,7036
2863,Dominica,2019,8561
2864,Dominica,2018,7833
2865,Dominica,2017,7395
2866,Dominica,2016,8223
2867,Dominica,2015,7724
2913,Dominican Republic,2021,8476
2914,Dominican Republic,2020,7167
2915,Dominican Republic,2019,8173
2916,Dominican Republic,2018,7947
2917,Dominican Republic,2017,7513
2918,Dominican Republic,2016,7188
2919,Dominican Republic,2015,6837
2965,Ecuador,2021,5965
2966,Ecuador,2020,5645
2967,Ecuador,2019,6233
2968,Ecuador,2018,6321
2969,Ecuador,2017,6246
2970,Ecuador,2016,6079
2971,Ecuador,2015,6130
3017,Egypt,2021,3898
3018,Egypt,2020,3457
3019,Egypt,2019,3004
3020,Egypt,2018,2407
3021,Egypt,2017,1917
3022,Egypt,2016,2708
3023,Egypt,2015,3251
3069,El Salvador,2021,4551
3070,El Salvador,2020,3903
3071,El Salvador,2019,4280
3072,El Salvador,2018,4145
3073,El Salvador,2017,3986
3074,El Salvador,2016,3870
3075,El Salvador,2015,3761
3121,Equatorial Guinea,2021,7605
3122,Equatorial Guinea,2020,6279
3123,Equatorial Guinea,2019,7351
3124,Equatorial Guinea,2018,8719
3125,Equatorial Guinea,2017,8410
3126,Equatorial Guinea,2016,8035
3127,Equatorial Guinea,2015,9781
3173,Eritrea,2021,622
3174,Eritrea,2020,586
3175,Eritrea,2019,566
3176,Eritrea,2018,582
3177,Eritrea,2017,560
3178,Eritrea,2016,645
3179,Eritrea,2015,602
3205,Estonia,2021,27990
3206,Estonia,2020,23596
3207,Estonia,2019,23421
3208,Estonia,2018,23162
3209,Estonia,2017,20435
3210,Estonia,2016,18281
3211,Estonia,2015,17404
3237,Ethiopia,2021,825
3238,Ethiopia,2020,824
3239,Ethiopia,2019,811
3240,Ethiopia,2018,721
3241,Ethiopia,2017,709
3242,Ethiopia,2016,685
3243,Ethiopia,2015,615
3269,Fiji,2021,4646
3270,Fiji,2020,4864
3271,Fiji,2019,5968
3272,Fiji,2018,6073
3273,Fiji,2017,5825
3274,Fiji,2016,5368
3275,Fiji,2015,5105
3321,Finland,2021,53703
3322,Finland,2020,49171
3323,Finland,2019,48630
3324,Finland,2018,49988
3325,Finland,2017,46412
3326,Finland,2016,43784
3327,Finland,2015,42785
3538,France,2021,44229
3539,France,2020,39505
3540,France,2019,40915
3541,France,2018,41937
3542,France,2017,39088
3543,France,2016,37320
3544,France,2015,36930
3590,French Polynesia,2021,19914
3591,French Polynesia,2020,18910
3592,French Polynesia,2019,20023
3593,French Polynesia,2018,20614
3594,French Polynesia,2017,19743
3595,French Polynesia,2016,18713
3596,French Polynesia,2015,18245
3642,Gabon,2021,7910
3643,Gabon,2020,6681
3644,Gabon,2019,7523
3645,Gabon,2018,7694
3646,Gabon,2017,6975
3647,Gabon,2016,6722
3648,Gabon,2015,7085
3694,Gambia,2021,772
3695,Gambia,2020,704
3696,Gambia,2019,722
3697,Gambia,2018,683
3698,Gambia,2017,632
3699,Gambia,2016,633
3700,Gambia,2015,611
3746,Georgia,2021,4975
3747,Georgia,2020,4207
3748,Georgia,2019,4634
3749,Georgia,2018,4665
3750,Georgia,2017,4306
3751,Georgia,2016,4015
3752,Georgia,2015,3965
3778,Germany,2021,51073
3779,Germany,2020,46678
3780,Germany,2019,46762
3781,Germany,2018,47944
3782,Germany,2017,44670
3783,Germany,2016,42116
3784,Germany,2015,40893
3830,Ghana,2021,2408
3831,Ghana,2020,2176
3832,Ghana,2019,2168
3833,Ghana,2018,2179
3834,Ghana,2017,1998
3835,Ghana,2016,1900
3836,Ghana,2015,1733
3882,Greece,2021,20571
3883,Greece,2020,17972
3884,Greece,2019,19411
3885,Greece,2018,19942
3886,Greece,2017,18690
3887,Greece,2016,17955
3888,Greece,2015,18100
3934,Greenland,2021,58185
3935,Greenland,2020,54902
3936,Greenland,2019,53535
3937,Greenland,2018,54634
3938,Greenland,2017,50987
3939,Greenland,2016,48414
3940,Greenland,2015,44710
3986,Grenada,2021,8950
3987,Grenada,2020,8437
3988,Grenada,2019,9887
3989,Grenada,2018,9574
3990,Grenada,2017,9309
3991,Grenada,2016,8849
3992,Grenada,2015,8379
4038,Guatemala,2021,4883
4039,Guatemala,2020,4470
4040,Guatemala,2019,4511
4041,Guatemala,2018,4351
4042,Guatemala,2017,4322
4043,Guatemala,2016,4054
4044,Guatemala,2015,3886
4090,Guinea,2021,1185
4091,Guinea,2020,1073
4092,Guinea,2019,1043
4093,Guinea,2018,944
4094,Guinea,2017,843
4095,Guinea,2016,721
4096,Guinea,2015,756
4142,Guinea-Bissau,2021,758
4143,Guinea-Bissau,2020,692
4144,Guinea-Bissau,2019,692
4145,Guinea-Bissau,2018,741
4146,Guinea-Bissau,2017,718
4147,Guinea-Bissau,2016,642
4148,Guinea-Bissau,2015,585
4194,Guyana,2021,9998
4195,Guyana,2020,6863
4196,Guyana,2019,6477
4197,Guyana,2018,6094
4198,Guyana,2017,6220
4199,Guyana,2016,5905
4200,Guyana,2015,5668
4246,Haiti,2021,1663
4247,Haiti,2020,1463
4248,Haiti,2019,1260
4249,Haiti,2018,1428
4250,Haiti,2017,1402
4251,Haiti,2016,1244
4252,Haiti,2015,1346
4298,Honduras,2021,2771
4299,Honduras,2020,2354
4300,Honduras,2019,2519
4301,Honduras,2018,2457
4302,Honduras,2017,2403
4303,Honduras,2016,2295
4304,Honduras,2015,2257
4350,Hungary,2021,18728
4351,Hungary,2020,16120
4352,Hungary,2019,16781
4353,Hungary,2018,16423
4354,Hungary,2017,14619
4355,Hungary,2016,13103
4356,Hungary,2015,12715
4402,Iceland,2021,69133
4403,Iceland,2020,59166
4404,Iceland,2019,68813
4405,Iceland,2018,74414
4406,Iceland,2017,71961
4407,Iceland,2016,61944
4408,Iceland,2015,52912
4454,India,2021,2274
4455,India,2020,1913
4456,India,2019,2061
4457,India,2018,2018
4458,India,2017,1937
4459,India,2016,1711
4460,India,2015,1622
4506,Indonesia,2021,4332
4507,Indonesia,2020,3894
4508,Indonesia,2019,4151
4509,Indonesia,2018,3902
4510,Indonesia,2017,3839
4511,Indonesia,2016,3558
4512,Indonesia,2015,3322
4558,"Iran, Islamic Republic of",2021,6766
4559,"Iran, Islamic Republic of",2020,6228
4560,"Iran, Islamic Republic of",2019,5999
4561,"Iran, Islamic Republic of",2018,6147
4562,"Iran, Islamic Republic of",2017,5960
4563,"Iran, Islamic Republic of",2016,5594
4564,"Iran, Islamic Republic of",2015,5100
4610,Iraq,2021,4686
4611,Iraq,2020,4251
4612,Iraq,2019,5621
4613,Iraq,2018,5601
4614,Iraq,2017,4725
4615,Iraq,2016,4305
4616,Iraq,2015,4416
4662,Ireland,2021,101108
4663,Ireland,2020,86098
4664,Ireland,2019,81560
4665,Ireland,2018,79788
4666,Ireland,2017,70491
4667,Ireland,2016,63380
4668,Ireland,2015,62510
4714,Israel,2021,54111
4715,Israel,2020,46486
4716,Israel,2019,46228
4717,Israel,2018,44184
4718,Israel,2017,42756
4719,Israel,2016,39100
4720,Israel,2015,37473
4766,Italy,2021,35578
4767,Italy,2020,31877
4768,Italy,2019,33674
4769,Italy,2018,34936
4770,Italy,2017,32694
4771,Italy,2016,31201
4772,Italy,2015,30480
4818,Jamaica,2021,5183
4819,Jamaica,2020,4897
4820,Jamaica,2019,5626
4821,Jamaica,2018,5594
4822,Jamaica,2017,5273
4823,Jamaica,2016,5022
4824,Jamaica,2015,5080
4870,Japan,2021,39649
4871,Japan,2020,40242
4872,Japan,2019,40728
4873,Japan,2018,39901
4874,Japan,2017,38928
4875,Japan,2016,39400
4876,Japan,2015,34930
4922,Jordan,2021,4058
4923,Jordan,2020,3998
4924,Jordan,2019,4159
4925,Jordan,2018,4104
4926,Jordan,2017,4053
4927,Jordan,2016,4003
4928,Jordan,2015,4064
4974,Kazakhstan,2021,10054
4975,Kazakhstan,2020,9014
4976,Kazakhstan,2019,9686
4977,Kazakhstan,2018,9674
4978,Kazakhstan,2017,9107
4979,Kazakhstan,2016,7593
4980,Kazakhstan,2015,10338
5006,Kenya,2021,2081
5007,Kenya,2020,1936
5008,Kenya,2019,1970
5009,Kenya,2018,1845
5010,Kenya,2017,1675
5011,Kenya,2016,1562
5012,Kenya,2015,1496
5058,Kingdom of Eswatini,2021,3968
5059,Kingdom of Eswatini,2020,3364
5060,Kingdom of Eswatini,2019,3843
5061,Kingdom of Eswatini,2018,4020
5062,Kingdom of Eswatini,2017,3822
5063,Kingdom of Eswatini,2016,3339
5064,Kingdom of Eswatini,2015,3579
5110,Kiribati,2021,1764
5111,Kiribati,2020,1404
5112,Kiribati,2019,1411
5113,Kiribati,2018,1605
5114,Kiribati,2017,1563
5115,Kiribati,2016,1506
5116,Kiribati,2015,1459
5162,Kosovo,2021,5663
5163,Kosovo,2020,4629
5164,Kosovo,2019,4682
5165,Kosovo,2018,4607
5166,Kosovo,2017,4146
5167,Kosovo,2016,3814
5168,Kosovo,2015,3577
5194,Kuwait,2021,32150
5195,Kuwait,2020,24297
5196,Kuwait,2019,30666
5197,Kuwait,2018,32012
5198,Kuwait,2017,29258
5199,Kuwait,2016,27026
5200,Kuwait,2015,29314
5246,Kyrgyzstan,2021,1339
5247,Kyrgyzstan,2020,1211
5248,Kyrgyzstan,2019,1402
5249,Kyrgyzstan,2018,1329
5250,Kyrgyzstan,2017,1258
5251,Kyrgyzstan,2016,1132
5252,Kyrgyzstan,2015,1129
5278,Lao People's Democratic Republic,2021,2568
5279,Lao People's Democratic Republic,2020,2611
5280,Lao People's Democratic Republic,2019,2598
5281,Lao People's Democratic Republic,2018,2553
5282,Lao People's Democratic Republic,2017,2439
5283,Lao People's Democratic Republic,2016,2293
5284,Lao People's Democratic Republic,2015,2120
5330,Latvia,2021,21267
5331,Latvia,2020,18239
5332,Latvia,2019,17919
5333,Latvia,2018,17786
5334,Latvia,2017,15593
5335,Latvia,2016,14220
5336,Latvia,2015,13681
5362,Lebanon,2021,6784
5363,Lebanon,2020,6895
5364,Lebanon,2019,8997
5365,Lebanon,2018,9225
5366,Lebanon,2017,8679
5367,Lebanon,2016,8172
5368,Lebanon,2015,7802
5414,Lesotho,2021,1040
5415,Lesotho,2020,938
5416,Lesotho,2019,1094
5417,Lesotho,2018,1162
5418,Lesotho,2017,1061
5419,Lesotho,2016,986
5420,Lesotho,2015,1113
5466,Liberia,2021,470
5467,Liberia,2020,487
5468,Liberia,2019,517
5469,Liberia,2018,561
5470,Liberia,2017,576
5471,Liberia,2016,585
5472,Liberia,2015,578
5518,Libya,2021,5791
5519,Libya,2020,7039
5520,Libya,2019,10542
5521,Libya,2018,11838
5522,Libya,2017,10529
5523,Libya,2016,7945
5524,Libya,2015,7867
5570,Liechtenstein,2021,169260
5571,Liechtenstein,2020,157781
5572,Liechtenstein,2019,167012
5573,Liechtenstein,2018,175286
5574,Liechtenstein,2017,170875
5575,Liechtenstein,2016,165845
5576,Liechtenstein,2015,167809
5622,Lithuania,2021,23844
5623,Lithuania,2020,20156
5624,Lithuania,2019,19217
5625,Lithuania,2018,18688
5626,Lithuania,2017,16443
5627,Lithuania,2016,14663
5628,Lithuania,2015,13975
5654,Luxembourg,2021,133745
5655,Luxembourg,2020,117374
5656,Luxembourg,2019,112626
5657,Luxembourg,2018,116793
5658,Luxembourg,2017,110203
5659,Luxembourg,2016,106581
5660,Luxembourg,2015,105455
5706,Madagascar,2021,499
5707,Madagascar,2020,462
5708,Madagascar,2019,512
5709,Madagascar,2018,512
5710,Madagascar,2017,503
5711,Madagascar,2016,464
5712,Madagascar,2015,455
5758,Malawi,2021,613
5759,Malawi,2020,607
5760,Malawi,2019,584
5761,Malawi,2018,537
5762,Malawi,2017,500
5763,Malawi,2016,409
5764,Malawi,2015,485
5810,Malaysia,2021,11100
5811,Malaysia,2020,10150
5812,Malaysia,2019,11135
5813,Malaysia,2018,11073
5814,Malaysia,2017,9979
5815,Malaysia,2016,9555
5816,Malaysia,2015,9699
5862,Maldives,2021,10366
5863,Maldives,2020,7282
5864,Maldives,2019,11118
5865,Maldives,2018,10823
5866,Maldives,2017,10063
5867,Maldives,2016,9640
5868,Maldives,2015,9434
5914,Mali,2021,874
5915,Mali,2020,822
5916,Mali,2019,840
5917,Mali,2018,856
5918,Mali,2017,795
5919,Mali,2016,750
5920,Mali,2015,722
5966,Malta,2021,33641
5967,Malta,2020,29175
5968,Malta,2019,31514
5969,Malta,2018,31112
5970,Malta,2017,28122
5971,Malta,2016,24930
5972,Malta,2015,24282
6018,Marshall Islands,2021,6111
6019,Marshall Islands,2020,5631
6020,Marshall Islands,2019,5357
6021,Marshall Islands,2018,4822
6022,Marshall Islands,2017,4515
6023,Marshall Islands,2016,4173
6024,Marshall Islands,2015,3728
6070,Mauritania,2021,2166
6071,Mauritania,2020,1868
6072,Mauritania,2019,1839
6073,Mauritania,2018,1749
6074,Mauritania,2017,1634
6075,Mauritania,2016,1579
6076,Mauritania,2015,1562
6122,Mauritius,2021,8872
6123,Mauritius,2020,8782
6124,Mauritius,2019,11134
6125,Mauritius,2018,11375
6126,Mauritius,2017,10591
6127,Mauritius,2016,9733
6128,Mauritius,2015,9285
6174,Mexico,2021,10045
6175,Mexico,2020,8654
6176,Mexico,2019,10145
6177,Mexico,2018,9857
6178,Mexico,2017,9434
6179,Mexico,2016,8875
6180,Mexico,2015,9753
6226,Micronesia (Federated States of),2021,3572
6227,Micronesia (Federated States of),2020,3635
6228,Micronesia (Federated States of),2019,3703
6229,Micronesia (Federated States of),2018,3623
6230,Micronesia (Federated States of),2017,3320
6231,Micronesia (Federated States of),2016,3022
6232,Micronesia (Federated States of),2015,2891
6278,Monaco,2021,234317
6279,Monaco,2020,182537
6280,Monaco,2019,199383
6281,Monaco,2018,194288
6282,Monaco,2017,173611
6283,Monaco,2016,174488
6284,Monaco,2015,170270
6330,Mongolia,2021,4509
6331,Mongolia,2020,4041
6332,Mongolia,2019,4394
6333,Mongolia,2018,4165
6334,Mongolia,2017,3708
6335,Mongolia,2016,3690
6336,Mongolia,2015,3919
6382,Montenegro,2021,9252
6383,Montenegro,2020,7600
6384,Montenegro,2019,8791
6385,Montenegro,2018,8720
6386,Montenegro,2017,7679
6387,Montenegro,2016,6906
6388,Montenegro,2015,6393
6414,Montserrat,2021,16199
6415,Montserrat,2020,15067
6416,Montserrat,2019,14506
6417,Montserrat,2018,14419
6418,Montserrat,2017,12697
6419,Montserrat,2016,12357
6420,Montserrat,2015,12133
6466,Morocco,2021,3853
6467,Morocco,2020,3307
6468,Morocco,2019,3551
6469,Morocco,2018,3544
6470,Morocco,2017,3336
6471,Morocco,2016,3178
6472,Morocco,2015,3183
6518,Mozambique,2021,491
6519,Mozambique,2020,454
6520,Mozambique,2019,508
6521,Mozambique,2018,504
6522,Mozambique,2017,462
6523,Mozambique,2016,430
6524,Mozambique,2015,594
6570,Myanmar,2021,1088
6571,Myanmar,2020,1465
6572,Myanmar,2019,1400
6573,Myanmar,2018,1397
6574,Myanmar,2017,1304
6575,Myanmar,2016,1290
6576,Myanmar,2015,1239
6622,Namibia,2021,4836
6623,Namibia,2020,4243
6624,Namibia,2019,5126
6625,Namibia,2018,5687
6626,Namibia,2017,5450
6627,Namibia,2016,4614
6628,Namibia,2015,4965
6674,Nauru,2021,12390
6675,Nauru,2020,11015
6676,Nauru,2019,10976
6677,Nauru,2018,11590
6678,Nauru,2017,11020
6679,Nauru,2016,10332
6680,Nauru,2015,9329
6726,Nepal,2021,1205
6727,Nepal,2020,1119
6728,Nepal,2019,1188
6729,Nepal,2018,1113
6730,Nepal,2017,1044
6731,Nepal,2016,871
6732,Nepal,2015,857
6778,Netherlands,2021,57871
6779,Netherlands,2020,52183
6780,Netherlands,2019,52420
6781,Netherlands,2018,52877
6782,Netherlands,2017,48460
6783,Netherlands,2016,45754
6784,Netherlands,2015,44906
6830,New Caledonia,2021,34994
6831,New Caledonia,2020,33011
6832,New Caledonia,2019,33204
6833,New Caledonia,2018,34738
6834,New Caledonia,2017,32263
6835,New Caledonia,2016,30726
6836,New Caledonia,2015,30861
6882,New Zealand,2021,48823
6883,New Zealand,2020,41930
6884,New Zealand,2019,43039
6885,New Zealand,2018,43805
6886,New Zealand,2017,43534
6887,New Zealand,2016,40453
6888,New Zealand,2015,38789
6934,Nicaragua,2021,2045
6935,Nicaragua,2020,1863
6936,Nicaragua,2019,1890
6937,Nicaragua,2018,1981
6938,Nicaragua,2017,2127
6939,Nicaragua,2016,2079
6940,Nicaragua,2015,2025
6986,Niger,2021,590
6987,Niger,2020,564
6988,Niger,2019,550
6989,Niger,2018,567
6990,Niger,2017,514
6991,Niger,2016,497
6992,Niger,2015,480
7038,Nigeria,2021,2019
7039,Nigeria,2020,2063
7040,Nigeria,2019,2334
7041,Nigeria,2018,2125
7042,Nigeria,2017,1941
7043,Nigeria,2016,2144
7044,Nigeria,2015,2688
7090,Norway,2021,89241
7091,Norway,2020,67325
7092,Norway,2019,75714
7093,Norway,2018,82261
7094,Norway,2017,75490
7095,Norway,2016,70431
7096,Norway,2015,74330
7142,Oman,2021,19509
7143,Oman,2020,16707
7144,Oman,2019,19132
7145,Oman,2018,19887
7146,Oman,2017,17802
7147,Oman,2016,17082
7148,Oman,2015,18777
7194,Pakistan,2021,1480
7195,Pakistan,2020,1292
7196,Pakistan,2019,1307
7197,Pakistan,2018,1464
7198,Pakistan,2017,1558
7199,Pakistan,2016,1462
7200,Pakistan,2015,1407
7246,Palau,2021,12084
7247,Palau,2020,14013
7248,Palau,2019,15567
7249,Palau,2018,15947
7250,Palau,2017,16012
7251,Palau,2016,16785
7252,Palau,2015,15760
7298,Panama,2021,14617
7299,Panama,2020,12569
7300,Panama,2019,15826
7301,Panama,2018,15588
7302,Panama,2017,15185
7303,Panama,2016,14382
7304,Panama,2015,13669
7350,Papua New Guinea,2021,2672
7351,Papua New Guinea,2020,2446
7352,Papua New Guinea,2019,2593
7353,Papua New Guinea,2018,2595
7354,Papua New Guinea,2017,2495
7355,Papua New Guinea,2016,2332
7356,Papua New Guinea,2015,2502
7402,Paraguay,2021,6035
7403,Paraguay,2020,5353
7404,Paraguay,2019,5807
7405,Paraguay,2018,6242
7406,Paraguay,2017,6136
7407,Paraguay,2016,5759
7408,Paraguay,2015,5861
7454,Peru,2021,6621
7455,Peru,2020,6056
7456,Peru,2019,6955
7457,Peru,2018,6912
7458,Peru,2017,6676
7459,Peru,2016,6163
7460,Peru,2015,6180
7506,Philippines,2021,3460
7507,Philippines,2020,3224
7508,Philippines,2019,3413
7509,Philippines,2018,3194
7510,Philippines,2017,3077
7511,Philippines,2016,3038
7512,Philippines,2015,2974
7558,Poland,2021,17736
7559,Poland,2020,15598
7560,Poland,2019,15484
7561,Poland,2018,15284
7562,Poland,2017,13615
7563,Poland,2016,12198
7564,Poland,2015,12375
7610,Portugal,2021,24651
7611,Portugal,2020,22240
7612,Portugal,2019,23322
7613,Portugal,2018,23548
7614,Portugal,2017,21475
7615,Portugal,2016,19964
7616,Portugal,2015,19228
7662,Puerto Rico,2021,32716
7663,Puerto Rico,2020,31489
7664,Puerto Rico,2019,31925
7665,Puerto Rico,2018,30415
7666,Puerto Rico,2017,30728
7667,Puerto Rico,2016,30394
7668,Puerto Rico,2015,29558
7714,Qatar,2021,66798
7715,Qatar,2020,52315
7716,Qatar,2019,62827
7717,Qatar,2018,66264
7718,Qatar,2017,59407
7719,Qatar,2016,58467
7720,Qatar,2015,66984
7766,Republic of Korea,2021,34940
7767,Republic of Korea,2020,31716
7768,Republic of Korea,2019,31874
7769,Republic of Korea,2018,33375
7770,Republic of Korea,2017,31524
7771,Republic of Korea,2016,29236
7772,Republic of Korea,2015,28743
7818,Republic of Moldova,2021,4468
7819,Republic of Moldova,2020,3844
7820,Republic of Moldova,2019,3849
7821,Republic of Moldova,2018,3646
7822,Republic of Moldova,2017,3040
7823,Republic of Moldova,2016,2502
7824,Republic of Moldova,2015,2363
7850,Republic of North Macedonia,2021,6599
7851,Republic of North Macedonia,2020,5738
7852,Republic of North Macedonia,2019,5962
7853,Republic of North Macedonia,2018,6001
7854,Republic of North Macedonia,2017,5353
7855,Republic of North Macedonia,2016,5057
7856,Republic of North Macedonia,2015,4774
7882,Romania,2021,14697
7883,Romania,2020,12928
7884,Romania,2019,12856
7885,Romania,2018,12409
7886,Romania,2017,10667
7887,Romania,2016,9358
7888,Romania,2015,8936
7934,Russian Federation,2021,12258
7935,Russian Federation,2020,10227
7936,Russian Federation,2019,11617
7937,Russian Federation,2018,11378
7938,Russian Federation,2017,10822
7939,Russian Federation,2016,8798
7940,Russian Federation,2015,9424
7966,Rwanda,2021,822
7967,Rwanda,2020,774
7968,Rwanda,2019,806
7969,Rwanda,2018,769
7970,Rwanda,2017,756
7971,Rwanda,2016,728
7972,Rwanda,2015,732
8018,Saint Kitts and Nevis,2021,18082
8019,Saint Kitts and Nevis,2020,18566
8020,Saint Kitts and Nevis,2019,23219
8021,Saint Kitts and Nevis,2018,22548
8022,Saint Kitts and Nevis,2017,22160
8023,Saint Kitts and Nevis,2016,21095
8024,Saint Kitts and Nevis,2015,20025
8070,Saint Lucia,2021,9824
8071,Saint Lucia,2020,9020
8072,Saint Lucia,2019,11864
8073,Saint Lucia,2018,11609
8074,Saint Lucia,2017,11270
8075,Saint Lucia,2016,10574
8076,Saint Lucia,2015,10306
8122,Saint Vincent and the Grenadines,2021,8440
8123,Saint Vincent and the Grenadines,2020,8335
8124,Saint Vincent and the Grenadines,2019,8674
8125,Saint Vincent and the Grenadines,2018,8399
8126,Saint Vincent and the Grenadines,2017,8030
8127,Saint Vincent and the Grenadines,2016,7684
8128,Saint Vincent and the Grenadines,2015,7386
8174,Samoa,2021,3918
8175,Samoa,2020,3857
8176,Samoa,2019,4306
8177,Samoa,2018,4263
8178,Samoa,2017,4246
8179,Samoa,2016,4233
8180,Samoa,2015,4055
8226,San Marino,2021,50425
8227,San Marino,2020,45423
8228,San Marino,2019,47288
8229,San Marino,2018,48464
8230,San Marino,2017,44885
8231,San Marino,2016,43368
8232,San Marino,2015,42264
8278,Sao Tome and Principe,2021,2485
8279,Sao Tome and Principe,2020,2179
8280,Sao Tome and Principe,2019,2006
8281,Sao Tome and Principe,2018,1965
8282,Sao Tome and Principe,2017,1819
8283,Sao Tome and Principe,2016,1698
8284,Sao Tome and Principe,2015,1582
8330,Saudi Arabia,2021,23185
8331,Saudi Arabia,2020,19539
8332,Saudi Arabia,2019,22430
8333,Saudi Arabia,2018,23318
8334,Saudi Arabia,2017,20138
8335,Saudi Arabia,2016,19300
8336,Saudi Arabia,2015,19977
8382,Senegal,2021,1636
8383,Senegal,2020,1490
8384,Senegal,2019,1462
8385,Senegal,2018,1484
8386,Senegal,2017,1385
8387,Senegal,2016,1290
8388,Senegal,2015,1237
8434,Serbia,2021,8643
8435,Serbia,2020,7248
8436,Serbia,2019,6960
8437,Serbia,2018,6812
8438,Serbia,2017,5918
8439,Serbia,2016,5430
8440,Serbia,2015,5273
8466,Seychelles,2021,12084
8467,Seychelles,2020,11214
8468,Seychelles,2019,15761
8469,Seychelles,2018,15400
8470,Seychelles,2017,15025
8471,Seychelles,2016,14515
8472,Seychelles,2015,14020
8518,Sierra Leone,2021,504
8519,Sierra Leone,2020,493
8520,Sierra Leone,2019,506
8521,Sierra Leone,2018,519
8522,Sierra Leone,2017,487
8523,Sierra Leone,2016,515
8524,Sierra Leone,2015,580
8570,Singapore,2021,66821
8571,Singapore,2020,58425
8572,Singapore,2019,64005
8573,Singapore,2018,64835
8574,Singapore,2017,59534
8575,Singapore,2016,55816
8576,Singapore,2015,54512
8622,Sint Maarten (Dutch part),2021,26198
8623,Sint Maarten (Dutch part),2020,25943
8624,Sint Maarten (Dutch part),2019,32010
8625,Sint Maarten (Dutch part),2018,30547
8626,Sint Maarten (Dutch part),2017,30784
8627,Sint Maarten (Dutch part),2016,33905
8628,Sint Maarten (Dutch part),2015,34000
8639,Slovakia,2021,21390
8640,Slovakia,2020,19553
8641,Slovakia,2019,19384
8642,Slovakia,2018,19486
8643,Slovakia,2017,17584
8644,Slovakia,2016,16550
8645,Slovakia,2015,16382
8671,Slovenia,2021,29134
8672,Slovenia,2020,25361
8673,Slovenia,2019,25714
8674,Slovenia,2018,25726
8675,Slovenia,2017,23155
8676,Slovenia,2016,21404
8677,Slovenia,2015,20707
8703,Solomon Islands,2021,2305
8704,Solomon Islands,2020,2222
8705,Solomon Islands,2019,2398
8706,Solomon Islands,2018,2450
8707,Solomon Islands,2017,2283
8708,Solomon Islands,2016,2196
8709,Solomon Islands,2015,2134
8755,Somalia,2021,446
8756,Somalia,2020,416
8757,Somalia,2019,405
8758,Somalia,2018,380
8759,Somalia,2017,377
8760,Somalia,2016,387
8761,Somalia,2015,387
8807,South Africa,2021,7055
8808,South Africa,2020,5741
8809,South Africa,2019,6688
8810,South Africa,2018,7044
8811,South Africa,2017,6723
8812,South Africa,2016,5734
8813,South Africa,2015,6200
8859,South Sudan,2021,400
8860,South Sudan,2020,397
8861,South Sudan,2019,412
8862,South Sudan,2018,365
8863,South Sudan,2017,335
8864,South Sudan,2016,296
8865,South Sudan,2015,556
8873,Spain,2021,30058
8874,Spain,2020,26960
8875,Spain,2019,29583
8876,Spain,2018,30383
8877,Spain,2017,28190
8878,Spain,2016,26525
8879,Spain,2015,25751
8925,Sri Lanka,2021,3918
8926,Sri Lanka,2020,3728
8927,Sri Lanka,2019,3875
8928,Sri Lanka,2018,4076
8929,Sri Lanka,2017,4065
8930,Sri Lanka,2016,3845
8931,Sri Lanka,2015,3777
8977,State of Palestine,2021,3513
8978,State of Palestine,2020,3094
8979,State of Palestine,2019,3489
8980,State of Palestine,2018,3387
8981,State of Palestine,2017,3430
8982,State of Palestine,2016,3353
8983,State of Palestine,2015,3115
9029,Sudan,2021,785
9030,Sudan,2020,771
9031,Sudan,2019,812
9032,Sudan,2018,1151
9033,Sudan,2017,3000
9034,Sudan,2016,2277
9035,Sudan,2015,2198
9043,Suriname,2021,5259
9044,Suriname,2020,6851
9045,Suriname,2019,7087
9046,Suriname,2018,6352
9047,Suriname,2017,5774
9048,Suriname,2016,5401
9049,Suriname,2015,8907
9095,Sweden,2021,60729
9096,Sweden,2020,52758
9097,Sweden,2019,51994
9098,Sweden,2018,54658
9099,Sweden,2017,53788
9100,Sweden,2016,51807
9101,Sweden,2015,51282
9147,Switzerland,2021,93525
9148,Switzerland,2020,87079
9149,Switzerland,2019,85325
9150,Switzerland,2018,86387
9151,Switzerland,2017,83353
9152,Switzerland,2016,83077
9153,Switzerland,2015,84782
9199,Syrian Arab Republic,2021,924
9200,Syrian Arab Republic,2020,1117
9201,Syrian Arab Republic,2019,1323
9202,Syrian Arab Republic,2018,1142
9203,Syrian Arab Republic,2017,889
9204,Syrian Arab Republic,2016,700
9205,Syrian Arab Republic,2015,1039
9251,Tajikistan,2021,897
9252,Tajikistan,2020,852
9253,Tajikistan,2019,889
9254,Tajikistan,2018,850
9255,Tajikistan,2017,844
9256,Tajikistan,2016,801
9257,Tajikistan,2015,970
9283,Thailand,2021,7066
9284,Thailand,2020,6998
9285,Thailand,2019,7630
9286,Thailand,2018,7124
9287,Thailand,2017,6436
9288,Thailand,2016,5854
9289,Thailand,2015,5708
9335,Timor-Leste,2021,1517
9336,Timor-Leste,2020,1463
9337,Timor-Leste,2019,1599
9338,Timor-Leste,2018,1255
9339,Timor-Leste,2017,1299
9340,Timor-Leste,2016,1347
9341,Timor-Leste,2015,1322
9367,Togo,2021,943
9368,Togo,2020,868
9369,Togo,2019,848
9370,Togo,2018,873
9371,Togo,2017,813
9372,Togo,2016,792
9373,Togo,2015,769
9419,Tonga,2021,4450
9420,Tonga,2020,4626
9421,Tonga,2019,4839
9422,Tonga,2018,4560
9423,Tonga,2017,4376
9424,Tonga,2016,3981
9425,Tonga,2015,3799
9471,Trinidad and Tobago,2021,16032
9472,Trinidad and Tobago,2020,13871
9473,Trinidad and Tobago,2019,15691
9474,Trinidad and Tobago,2018,16164
9475,Trinidad and Tobago,2017,16094
9476,Trinidad and Tobago,2016,15991
9477,Trinidad and Tobago,2015,18389
9523,Tunisia,2021,3807
9524,Tunisia,2020,3497
9525,Tunisia,2019,3477
9526,Tunisia,2018,3577
9527,Tunisia,2017,3569
9528,Tunisia,2016,3796
9529,Tunisia,2015,3960
9575,Türkiye,2021,9661
9576,Türkiye,2020,8561
9577,Türkiye,2019,9103
9578,Türkiye,2018,9400
9579,Türkiye,2017,10464
9580,Türkiye,2016,10734
9581,Türkiye,2015,10851
9627,Turkmenistan,2021,8507
9628,Turkmenistan,2020,7381
9629,Turkmenistan,2019,7459
9630,Turkmenistan,2018,6962
9631,Turkmenistan,2017,6738
9632,Turkmenistan,2016,6163
9633,Turkmenistan,2015,6251
9659,Turks and Caicos Islands,2021,20908
9660,Turks and Caicos Islands,2020,20882
9661,Turks and Caicos Islands,2019,27795
9662,Turks and Caicos Islands,2018,26831
9663,Turks and Caicos Islands,2017,25659
9664,Turks and Caicos Islands,2016,26995
9665,Turks and Caicos Islands,2015,25783
9711,Tuvalu,2021,5370
9712,Tuvalu,2020,4675
9713,Tuvalu,2019,4942
9714,Tuvalu,2018,4421
9715,Tuvalu,2017,4183
9716,Tuvalu,2016,3801
9717,Tuvalu,2015,3327
9763,Uganda,2021,930
9764,Uganda,2020,857
9765,Uganda,2019,879
9766,Uganda,2018,820
9767,Uganda,2017,787
9768,Uganda,2016,786
9769,Uganda,2015,781
9815,Ukraine,2021,4596
9816,Ukraine,2020,3566
9817,Ukraine,2019,3480
9818,Ukraine,2018,2944
9819,Ukraine,2017,2510
9820,Ukraine,2016,2082
9821,Ukraine,2015,2023
9847,United Arab Emirates,2021,43295
9848,United Arab Emirates,2020,38463
9849,United Arab Emirates,2019,45292
9850,United Arab Emirates,2018,46193
9851,United Arab Emirates,2017,42522
9852,United Arab Emirates,2016,39696
9853,United Arab Emirates,2015,40163
9899,United Kingdom of Great Britain and Northern Ireland,2021,46541
9900,United Kingdom of Great Britain and Northern Ireland,2020,40331
9901,United Kingdom of Great Britain and Northern Ireland,2019,42783
9902,United Kingdom of Great Britain and Northern Ireland,2018,43324
9903,United Kingdom of Great Britain and Northern Ireland,2017,40617
9904,United Kingdom of Great Britain and Northern Ireland,2016,41118
9905,United Kingdom of Great Britain and Northern Ireland,2015,44996
9951,United Republic of Tanzania: Mainland,2021,1136
9952,United Republic of Tanzania: Mainland,2020,1097
9953,United Republic of Tanzania: Mainland,2019,1047
9954,United Republic of Tanzania: Mainland,2018,1008
9955,United Republic of Tanzania: Mainland,2017,973
9956,United Republic of Tanzania: Mainland,2016,940
9957,United Republic of Tanzania: Mainland,2015,927
10003,United Republic of Tanzania: Zanzibar,2021,1211
10004,United Republic of Tanzania: Zanzibar,2020,1097
10005,United Republic of Tanzania: Zanzibar,2019,1111
10006,United Republic of Tanzania: Zanzibar,2018,1043
10007,United Republic of Tanzania: Zanzibar,2017,945
10008,United Republic of Tanzania: Zanzibar,2016,847
10009,United Republic of Tanzania: Zanzibar,2015,821
10035,United States,2021,69184
10036,United States,2020,62690
10037,United States,2019,63953
10038,United States,2018,61820
10039,United States,2017,59059
10040,United States,2016,57134
10041,United States,2015,56086
10087,Uruguay,2021,17312
10088,Uruguay,2020,15619
10089,Uruguay,2019,17859
10090,Uruguay,2018,18825
10091,Uruguay,2017,18769
10092,Uruguay,2016,16766
10093,Uruguay,2015,16774
10139,Uzbekistan,2021,2031
10140,Uzbekistan,2020,1786
10141,Uzbekistan,2019,1816
10142,Uzbekistan,2018,1621
10143,Uzbekistan,2017,1943
10144,Uzbekistan,2016,2738
10145,Uzbekistan,2015,2785
10171,Vanuatu,2021,3072
10172,Vanuatu,2020,2917
10173,Vanuatu,2019,3089
10174,Vanuatu,2018,3076
10175,Vanuatu,2017,3032
10176,Vanuatu,2016,2839
10177,Vanuatu,2015,2748
10223,Venezuela (Bolivarian Republic of),2021,3965
10224,Venezuela (Bolivarian Republic of),2020,3738
10225,Venezuela (Bolivarian Republic of),2019,5183
10226,Venezuela (Bolivarian Republic of),2018,6842
10227,Venezuela (Bolivarian Republic of),2017,8112
10228,Venezuela (Bolivarian Republic of),2016,9385
10229,Venezuela (Bolivarian Republic of),2015,11278
10275,Viet Nam,2021,3756
10276,Viet Nam,2020,3586
10277,Viet Nam,2019,3491
10278,Viet Nam,2018,3267
10279,Viet Nam,2017,2992
10280,Viet Nam,2016,2760
10281,Viet Nam,2015,2595
10327,Yemen,2021,301
10328,Yemen,2020,291
10329,Yemen,2019,411
10330,Yemen,2018,866
10331,Yemen,2017,612
10332,Yemen,2016,639
10333,Yemen,2015,870
10402,Zambia,2021,1094
10403,Zambia,2020,956
10404,Zambia,2019,1268
10405,Zambia,2018,1475
10406,Zambia,2017,1495
10407,Zambia,2016,1279
10408,Zambia,2015,1283
10454,Zimbabwe,2021,1507
10455,Zimbabwe,2020,1382
10456,Zimbabwe,2019,1471
10457,Zimbabwe,2018,1570
10458,Zimbabwe,2017,1494
10459,Zimbabwe,2016,1421
10460,Zimbabwe,2015,1410
