,Country,Year,"Emissions quantity, tonnes",Emissions per capita
0,Afganistan,2015,2373000.0,0.0
1,Afganistan,2016,2463400.0,0.0
2,Afganistan,2017,2553800.0,0.0
3,Afganistan,2018,2621600.0,0.0
4,Afganistan,2019,2621600.0,0.0
5,Afganistan,2020,2621600.0,0.0
6,Afganistan,2021,2621600.0,0.0
7,Albania,2015,3941214.0,1367.527411519778
8,Albania,2016,3941214.0,1368.002082610205
9,Albania,2017,3941214.0,1368.9524140326503
10,Albania,2018,3941214.0,1369.9040667361835
11,Albania,2019,3941214.0,1371.8113470240169
12,Albania,2020,3941214.0,1375.1618981158408
13,Albania,2021,3941214.0,1380.9439383321653
14,Algeria,2015,52206000.0,1320.233669676049
15,Algeria,2016,53901000.0,1336.2006990753366
16,Algeria,2017,55257000.0,1343.2759626604434
17,Algeria,2018,56726000.0,1352.9706394447494
18,Algeria,2019,56726000.0,1328.3222105139912
19,Algeria,2020,56726000.0,1305.5165588824193
20,Algeria,2021,56726000.0,1284.0618421350475
21,American Samoa,2015,34352.0,673.5686274509803
22,American Samoa,2016,34126.0,682.52
23,American Samoa,2017,33787.0,689.530612244898
24,American Samoa,2018,33335.0,694.4791666666667
25,American Samoa,2019,33335.0,709.2553191489361
26,American Samoa,2020,33335.0,724.6739130434783
27,American Samoa,2021,33335.0,740.7777777777777
28,Angola,2015,5729100.0,203.68684893518682
29,Angola,2016,5909900.0,202.71317829457365
30,Angola,2017,6113300.0,202.3735434322034
31,Angola,2018,6294100.0,201.2630703802002
32,Angola,2019,6294100.0,194.54455537353567
33,Angola,2020,6294100.0,188.28826133780063
34,Angola,2021,6294100.0,182.42181839260354
35,Anguilla,2015,9028.7,644.9071428571428
36,Anguilla,2016,9028.7,644.9071428571428
37,Anguilla,2017,9028.7,601.9133333333333
38,Anguilla,2018,9028.7,601.9133333333333
39,Anguilla,2019,9028.7,601.9133333333333
40,Anguilla,2020,9028.7,601.9133333333333
41,Anguilla,2021,9028.7,601.9133333333333
42,Antigua and Barbuda,2015,141250.0,1587.0786516853932
43,Antigua and Barbuda,2016,143510.0,1594.5555555555554
44,Antigua and Barbuda,2017,144640.0,1589.4505494505493
45,Antigua and Barbuda,2018,146900.0,1614.2857142857142
46,Antigua and Barbuda,2019,146900.0,1596.7391304347827
47,Antigua and Barbuda,2020,146900.0,1596.7391304347827
48,Antigua and Barbuda,2021,146900.0,1579.5698924731182
49,Argentina,2015,23052000.0,532.9079686524724
50,Argentina,2016,23165000.0,530.479985343959
51,Argentina,2017,23504000.0,533.5270350024969
52,Argentina,2018,23617000.0,531.7587192939004
53,Argentina,2019,23617000.0,527.8131634819533
54,Argentina,2020,23617000.0,524.4027000621725
55,Argentina,2021,23617000.0,521.622934888241
56,Armenia,2015,1163900.0,404.412786657401
57,Armenia,2016,1175200.0,410.19197207678883
58,Armenia,2017,1197800.0,420.13328656611714
59,Armenia,2018,1209100.0,426.33991537376585
60,Armenia,2019,1209100.0,428.758865248227
61,Armenia,2020,1209100.0,431.0516934046346
62,Armenia,2021,1209100.0,433.3691756272401
63,Aruba,2015,54240.0,521.5384615384615
64,Aruba,2016,54579.0,524.7980769230769
65,Aruba,2017,55031.0,524.104761904762
66,Aruba,2018,55483.0,528.4095238095238
67,Aruba,2019,55483.0,523.4245283018868
68,Aruba,2020,55483.0,523.4245283018868
69,Aruba,2021,55483.0,523.4245283018868
70,Australia,2015,38420000.0,1612.9303106633083
71,Australia,2016,39889000.0,1648.6464145484604
72,Australia,2017,40341000.0,1640.5449369662463
73,Australia,2018,40906000.0,1637.6155971015653
74,Australia,2019,40906000.0,1613.2034546673501
75,Australia,2020,40906000.0,1593.53330736268
76,Australia,2021,40906000.0,1578.1026966552215
77,Austria,2015,5107600.0,591.0205970840084
78,Austria,2016,5130200.0,587.2481684981685
79,Austria,2017,5141500.0,584.4606115721269
80,Austria,2018,5186700.0,586.7307692307692
81,Austria,2019,5186700.0,584.1536209032549
82,Austria,2020,5186700.0,582.3172785449647
83,Austria,2021,5186700.0,581.3382649630128
84,Azerbaijan,2015,7412800.0,751.5765994119436
85,Azerbaijan,2016,7491900.0,750.9923817161186
86,Azerbaijan,2017,7582300.0,752.8845199086486
87,Azerbaijan,2018,7706600.0,759.1213553979511
88,Azerbaijan,2019,7706600.0,753.1860828772479
89,Azerbaijan,2020,7706600.0,749.3776740567872
90,Azerbaijan,2021,7706600.0,747.3429014740109
91,Bahamas,2015,1052030.0,2683.75
92,Bahamas,2016,1061070.0,2686.253164556962
93,Bahamas,2017,1073500.0,2690.4761904761904
94,Bahamas,2018,1088190.0,2713.690773067332
95,Bahamas,2019,1088190.0,2693.539603960396
96,Bahamas,2020,1088190.0,2680.2709359605915
97,Bahamas,2021,1088190.0,2673.6855036855036
98,Bahrain,2015,2113100.0,1551.4684287812042
99,Bahrain,2016,2192200.0,1555.8552164655785
100,Bahrain,2017,2293900.0,1575.4807692307693
101,Bahrain,2018,2395600.0,1611.0289172831203
102,Bahrain,2019,2395600.0,1603.4805890227576
103,Bahrain,2020,2395600.0,1621.9363574813813
104,Bahrain,2021,2395600.0,1637.4572795625427
105,Bangladesh,2015,18193000.0,115.26959386681872
106,Bangladesh,2016,19210000.0,120.22480348470435
107,Bangladesh,2017,20227000.0,125.01776961920478
108,Bangladesh,2018,21244000.0,129.7874550197638
109,Bangladesh,2019,21244000.0,128.35012929263635
110,Bangladesh,2020,21244000.0,126.89045514275475
111,Bangladesh,2021,21244000.0,125.43990174543565
112,Barbados,2015,414710.0,1491.7625899280577
113,Barbados,2016,416970.0,1499.8920863309354
114,Barbados,2017,418100.0,1498.5663082437277
115,Barbados,2018,419230.0,1502.6164874551973
116,Barbados,2019,419230.0,1497.25
117,Barbados,2020,419230.0,1497.25
118,Barbados,2021,419230.0,1491.9217081850534
119,Belarus,2015,18193000.0,1875.5670103092784
120,Belarus,2016,18306000.0,1885.6613102595797
121,Belarus,2017,18306000.0,1885.8555681466983
122,Belarus,2018,18306000.0,1888.1897885507994
123,Belarus,2019,18306000.0,1892.4842344670733
124,Belarus,2020,18306000.0,1900.3425724073497
125,Belarus,2021,18306000.0,1911.2549592816872
126,Belgium,2015,3288300.0,292.3453058321479
127,Belgium,2016,3310900.0,292.5857193354542
128,Belgium,2017,3333500.0,292.8232607167955
129,Belgium,2018,3390000.0,296.1215932914046
130,Belgium,2019,3390000.0,294.5264986967854
131,Belgium,2020,3390000.0,293.22722947841885
132,Belgium,2021,3390000.0,291.9645164068556
133,Belize,2015,761620.0,2121.5041782729804
134,Belize,2016,775180.0,2112.207084468665
135,Belize,2017,792130.0,2117.994652406417
136,Belize,2018,812470.0,2126.8848167539268
137,Belize,2019,812470.0,2088.611825192802
138,Belize,2020,812470.0,2062.1065989847716
139,Belize,2021,812470.0,2031.1750000000002
140,Benin,2015,1299500.0,118.87120380534212
141,Benin,2016,1356000.0,120.42628774422735
142,Benin,2017,1423800.0,122.78371852362883
143,Benin,2018,1502900.0,125.87102177554439
144,Benin,2019,1502900.0,122.28641171684296
145,Benin,2020,1502900.0,118.87210314007751
146,Benin,2021,1502900.0,115.64327485380117
147,Bermuda,2015,63393.0,1006.2380952380952
148,Bermuda,2016,63167.0,1002.6507936507937
149,Bermuda,2017,62941.0,999.063492063492
150,Bermuda,2018,62715.0,995.4761904761905
151,Bermuda,2019,62715.0,995.4761904761905
152,Bermuda,2020,62715.0,979.921875
153,Bermuda,2021,62715.0,979.921875
154,Bhutan,2015,369510.0,497.321668909825
155,Bhutan,2016,387590.0,517.4766355140187
156,Bhutan,2017,403410.0,533.6111111111111
157,Bhutan,2018,416970.0,547.2047244094488
158,Bhutan,2019,416970.0,543.6375488917862
159,Bhutan,2020,416970.0,540.1165803108809
160,Bhutan,2021,416970.0,536.6409266409266
161,Bolivia,2015,1114180.0,100.46708746618575
162,Bolivia,2016,1141300.0,101.33179437094913
163,Bolivia,2017,1175200.0,102.77219064276345
164,Bolivia,2018,1209100.0,104.17887299672583
165,Bolivia,2019,1209100.0,102.66621380657213
166,Bolivia,2020,1209100.0,101.29859249329758
167,Bolivia,2021,1209100.0,100.09934597234871
168,Bosnia and Herzegovina,2015,2056600.0,583.5981838819523
169,Bosnia and Herzegovina,2016,2079200.0,597.471264367816
170,Bosnia and Herzegovina,2017,2101800.0,610.9883720930233
171,Bosnia and Herzegovina,2018,2135700.0,628.1470588235294
172,Bosnia and Herzegovina,2019,2135700.0,635.625
173,Bosnia and Herzegovina,2020,2135700.0,643.6708860759494
174,Bosnia and Herzegovina,2021,2135700.0,653.1192660550458
175,Botswana,2015,1123220.0,487.29718004338395
176,Botswana,2016,1163900.0,494.8554421768707
177,Botswana,2017,1197800.0,498.8754685547689
178,Botswana,2018,1243000.0,507.13994288045694
179,Botswana,2019,1243000.0,497.3989595838335
180,Botswana,2020,1243000.0,488.21681068342497
181,Botswana,2021,1243000.0,480.2936630602782
182,Brazil,2015,233910000.0,1139.978946137201
183,Brazil,2016,235040000.0,1136.2328929367347
184,Brazil,2017,237300000.0,1138.1076622031233
185,Brazil,2018,239560000.0,1139.8608718822265
186,Brazil,2019,239560000.0,1131.1631772294152
187,Brazil,2020,239560000.0,1123.6608566764853
188,Brazil,2021,239560000.0,1117.7365321986133
189,Brunei Darussalam,2015,379454.0,901.3159144893112
190,Brunei Darussalam,2016,379454.0,892.8329411764706
191,Brunei Darussalam,2017,379454.0,882.4511627906976
192,Brunei Darussalam,2018,379454.0,874.3179723502303
193,Brunei Darussalam,2019,379454.0,866.3333333333333
194,Brunei Darussalam,2020,379454.0,860.4399092970522
195,Brunei Darussalam,2021,379454.0,852.7056179775282
196,Bulgaria,2015,15255000.0,2087.1528252838966
197,Bulgaria,2016,15142000.0,2089.9930986887507
198,Bulgaria,2017,15029000.0,2092.5925925925926
199,Bulgaria,2018,14803000.0,2079.949416889139
200,Bulgaria,2019,14803000.0,2099.1208167895634
201,Bulgaria,2020,14803000.0,2121.077518269093
202,Bulgaria,2021,14803000.0,2150.0363108206247
203,Burkina Faso,2015,2565100.0,137.03921359119565
204,Burkina Faso,2016,2734600.0,141.87289234760053
205,Burkina Faso,2017,2915400.0,146.98260650365515
206,Burkina Faso,2018,3107500.0,152.38819144762653
207,Burkina Faso,2019,3107500.0,148.32227578635866
208,Burkina Faso,2020,3107500.0,144.38713874175264
209,Burkina Faso,2021,3107500.0,140.6108597285068
210,Burundi,2015,536750.0,50.03728908362077
211,Burundi,2016,553700.0,50.78418783820966
212,Burundi,2017,576300.0,51.662931420887496
213,Burundi,2018,603420.0,52.503262855651265
214,Burundi,2019,603420.0,50.81859525012632
215,Burundi,2020,603420.0,49.379705400982
216,Burundi,2021,603420.0,48.077444028364276
217,Cabo Verde,2015,203626.0,368.88768115942025
218,Cabo Verde,2016,203626.0,364.921146953405
219,Cabo Verde,2017,203626.0,361.03900709219863
220,Cabo Verde,2018,203626.0,356.61295971978984
221,Cabo Verde,2019,203626.0,352.9046793760832
222,Cabo Verde,2020,203626.0,349.872852233677
223,Cabo Verde,2021,203626.0,346.89267461669505
224,Cambodia,2015,2918677.0,189.31549588117014
225,Cambodia,2016,2918677.0,186.80728366615463
226,Cambodia,2017,2918677.0,184.37631080227416
227,Cambodia,2018,2918677.0,182.13273010920437
228,Cambodia,2019,2918677.0,180.08743135682113
229,Cambodia,2020,2918677.0,178.0115272017565
230,Cambodia,2021,2918677.0,175.94050274278135
231,Cameroon,2015,6983400.0,303.46775595341563
232,Cameroon,2016,7299800.0,307.86554763611827
233,Cameroon,2017,7593600.0,311.30242282622066
234,Cameroon,2018,7910000.0,315.4410591800925
235,Cameroon,2019,7910000.0,306.80319602823675
236,Cameroon,2020,7910000.0,298.59197463289416
237,Cameroon,2021,7910000.0,290.830208103537
238,Canada,2015,59664000.0,1669.7637971566103
239,Canada,2016,60229000.0,1667.7927616093928
240,Canada,2017,60681000.0,1660.0372052306177
241,Canada,2018,61246000.0,1653.7329553125421
242,Canada,2019,61246000.0,1632.2690688129628
243,Canada,2020,61246000.0,1616.5012668918919
244,Canada,2021,61246000.0,1605.1893591927665
245,Cayman Islands,2015,61246.0,1020.7666666666667
246,Cayman Islands,2016,62150.0,1002.4193548387096
247,Cayman Islands,2017,63167.0,1002.6507936507937
248,Cayman Islands,2018,64184.0,1002.875
249,Cayman Islands,2019,64184.0,972.4848484848485
250,Cayman Islands,2020,64184.0,957.9701492537314
251,Cayman Islands,2021,64184.0,943.8823529411765
252,Central African Republic,2015,732240.0,151.94853704087984
253,Central African Republic,2016,765010.0,155.99714518760197
254,Central African Republic,2017,797780.0,159.68374699759806
255,Central African Republic,2018,831680.0,163.26658814291324
256,Central African Republic,2019,831680.0,159.66212324822422
257,Central African Republic,2020,831680.0,155.65787011042485
258,Central African Republic,2021,831680.0,152.40608392889865
259,Chad,2015,1480300.0,104.68882602545969
260,Chad,2016,1491600.0,102.22039473684211
261,Chad,2017,1502900.0,99.62877030162412
262,Chad,2018,1559400.0,99.93591386823891
263,Chad,2019,1559400.0,96.70097978419943
264,Chad,2020,1559400.0,93.69142033165105
265,Chad,2021,1559400.0,90.7736189533733
266,Chile,2015,18132545.0,1014.6919418019027
267,Chile,2016,18132545.0,1002.7398661726484
268,Chile,2017,18132545.0,987.1812391114983
269,Chile,2018,18132545.0,969.6029624084274
270,Chile,2019,18132545.0,952.3895687798729
271,Chile,2020,18132545.0,939.510103626943
272,Chile,2021,18132545.0,930.2080233930128
273,China,2015,541270000.0,388.36490961207994
274,China,2016,563870000.0,402.22157389065757
275,China,2017,585340000.0,415.05380156352487
276,China,2018,607940000.0,429.0122781600614
277,China,2019,607940000.0,427.5655055617134
278,China,2020,607940000.0,426.64581884430737
279,China,2021,607940000.0,426.3573774469753
280,Colombia,2015,61924000.0,1314.2044610454382
281,Colombia,2016,62941000.0,1321.5958005249345
282,Colombia,2017,63732000.0,1318.1113110380345
283,Colombia,2018,64749000.0,1314.006818735287
284,Colombia,2019,64749000.0,1290.1548209695738
285,Colombia,2020,64749000.0,1271.3332024347144
286,Colombia,2021,64749000.0,1256.8716515257395
287,Comoros,2015,359340.0,492.24657534246575
288,Comoros,2016,369510.0,495.3217158176944
289,Comoros,2017,380810.0,500.407358738502
290,Comoros,2018,393240.0,506.75257731958766
291,Comoros,2019,393240.0,497.7721518987342
292,Comoros,2020,393240.0,487.8908188585608
293,Comoros,2021,393240.0,478.9768574908648
294,Congo,2015,1356000.0,267.77251184834125
295,Congo,2016,1378600.0,265.8310836868492
296,Congo,2017,1401200.0,263.7801204819277
297,Congo,2018,1446400.0,265.83348649145375
298,Congo,2019,1446400.0,259.6768402154398
299,Congo,2020,1446400.0,253.66538056822168
300,Congo,2021,1446400.0,247.8834618680377
301,Cook Islands,2015,14238.0,837.5294117647059
302,Cook Islands,2016,14238.0,837.5294117647059
303,Cook Islands,2017,14238.0,837.5294117647059
304,Cook Islands,2018,14238.0,837.5294117647059
305,Cook Islands,2019,14238.0,837.5294117647059
306,Cook Islands,2020,14238.0,837.5294117647059
307,Cook Islands,2021,14238.0,837.5294117647059
308,Costa Rica,2015,5876000.0,1200.408580183861
309,Costa Rica,2016,6045500.0,1222.5480283114257
310,Costa Rica,2017,6203700.0,1242.4794712597636
311,Costa Rica,2018,6350600.0,1260.0396825396824
312,Costa Rica,2019,6350600.0,1249.134539732494
313,Costa Rica,2020,6350600.0,1239.6252195978918
314,Costa Rica,2021,6350600.0,1232.4083058412575
315,Croatia,2015,4825100.0,1134.2501175364364
316,Croatia,2016,4791200.0,1134.548898887047
317,Croatia,2017,4768600.0,1137.5477099236641
318,Croatia,2018,4689500.0,1127.2836538461538
319,Croatia,2019,4689500.0,1135.7471542746428
320,Croatia,2020,4689500.0,1144.8974609375
321,Croatia,2021,4689500.0,1155.0492610837439
322,Cuba,2015,14803000.0,1305.4943116676955
323,Cuba,2016,14916000.0,1315.111973196967
324,Cuba,2017,15142000.0,1335.7445306986592
325,Cuba,2018,15255000.0,1346.6631355932204
326,Cuba,2019,15255000.0,1348.0911983032875
327,Cuba,2020,15255000.0,1350.0
328,Cuba,2021,15255000.0,1355.277185501066
329,Cyprus,2015,1502900.0,1266.133108677338
330,Cyprus,2016,1514200.0,1264.9958228905598
331,Cyprus,2017,1525500.0,1262.8311258278145
332,Cyprus,2018,1559400.0,1280.295566502463
333,Cyprus,2019,1559400.0,1269.8697068403908
334,Cyprus,2020,1559400.0,1260.6305578011318
335,Cyprus,2021,1559400.0,1253.5369774919614
336,Czechia,2015,14690000.0,1395.9897367670815
337,Czechia,2016,14690000.0,1395.4592951458155
338,Czechia,2017,14690000.0,1394.9292564808661
339,Czechia,2018,14803000.0,1405.2591608126068
340,Czechia,2019,14803000.0,1404.9924069855733
341,Czechia,2020,14803000.0,1405.7929724596393
342,Czechia,2021,14803000.0,1408.4681255946716
343,Côte dIvoire,2015,3186600.0,0.0
344,Côte dIvoire,2016,3356100.0,0.0
345,Côte dIvoire,2017,3536900.0,0.0
346,Côte dIvoire,2018,3706400.0,0.0
347,Côte dIvoire,2019,3706400.0,0.0
348,Côte dIvoire,2020,3706400.0,0.0
349,Côte dIvoire,2021,3706400.0,0.0
350,Democratic Republic of the Congo,2015,17515000.0,222.67849877949553
351,Democratic Republic of the Congo,2016,18306000.0,224.8065823406607
352,Democratic Republic of the Congo,2017,19210000.0,227.92259411743768
353,Democratic Republic of the Congo,2018,20340000.0,233.55954390437148
354,Democratic Republic of the Congo,2019,20340000.0,226.23629123751473
355,Democratic Republic of the Congo,2020,20340000.0,219.05592711059418
356,Democratic Republic of the Congo,2021,20340000.0,212.10920391265353
357,Denmark,2015,2971900.0,523.4983265809406
358,Denmark,2016,2825000.0,495.0928846827901
359,Denmark,2017,2700700.0,470.7512637266864
360,Denmark,2018,2712000.0,470.3433922996878
361,Denmark,2019,2712000.0,467.98964624676444
362,Denmark,2020,2712000.0,465.5793991416309
363,Denmark,2021,2712000.0,463.2729757430817
364,Djibouti,2015,1333400.0,1325.4473161033798
365,Djibouti,2016,1491600.0,1458.0645161290322
366,Djibouti,2017,1559400.0,1499.423076923077
367,Djibouti,2018,1536800.0,1453.926206244087
368,Djibouti,2019,1536800.0,1432.2460391425907
369,Djibouti,2020,1536800.0,1409.908256880734
370,Djibouti,2021,1536800.0,1390.7692307692307
371,Dominica,2015,87349.0,1247.8428571428572
372,Dominica,2016,88479.0,1263.9857142857143
373,Dominica,2017,87462.0,1249.4571428571428
374,Dominica,2018,88027.0,1257.5285714285715
375,Dominica,2019,88027.0,1239.8169014084506
376,Dominica,2020,88027.0,1239.8169014084506
377,Dominica,2021,88027.0,1222.5972222222222
378,Dominican Republic,2015,12430000.0,1194.6179721287842
379,Dominican Republic,2016,12882000.0,1223.7104588201767
380,Dominican Republic,2017,13221000.0,1241.7582417582416
381,Dominican Republic,2018,13673000.0,1270.1346957733394
382,Dominican Republic,2019,13673000.0,1256.594063045676
383,Dominican Republic,2020,13673000.0,1243.113010273661
384,Dominican Republic,2021,13673000.0,1229.9181433840065
385,Ecuador,2015,13221000.0,816.3630750231554
386,Ecuador,2016,13334000.0,811.1198978040027
387,Ecuador,2017,13560000.0,812.170579779588
388,Ecuador,2018,13786000.0,810.2262709374082
389,Ecuador,2019,13786000.0,794.9028426454477
390,Ecuador,2020,13786000.0,783.8298840118262
391,Ecuador,2021,13786000.0,774.6249367870989
392,Egypt,2015,29719000.0,304.1146915260481
393,Egypt,2016,30510000.0,305.7604425559208
394,Egypt,2017,31301000.0,307.5086698955683
395,Egypt,2018,32092000.0,309.350298823983
396,Egypt,2019,32092000.0,303.8497225851654
397,Egypt,2020,32092000.0,298.6274601032894
398,Egypt,2021,32092000.0,293.7160220387692
399,El Salvador,2015,4181000.0,670.9998395121169
400,El Salvador,2016,4271400.0,683.424
401,El Salvador,2017,4350500.0,694.3025853814236
402,El Salvador,2018,4452200.0,709.4008922880816
403,El Salvador,2019,4452200.0,708.9490445859873
404,El Salvador,2020,4452200.0,707.5969485060394
405,El Salvador,2021,4452200.0,705.1314539119417
406,Equatorial Guinea,2015,302840.0,224.9925705794948
407,Equatorial Guinea,2016,309620.0,221.47353361945636
408,Equatorial Guinea,2017,317530.0,218.98620689655172
409,Equatorial Guinea,2018,326570.0,217.42343541944075
410,Equatorial Guinea,2019,326570.0,210.28332260141661
411,Equatorial Guinea,2020,326570.0,204.61779448621553
412,Equatorial Guinea,2021,326570.0,199.85924112607097
413,Eritrea,2015,828290.0,247.99101796407186
414,Eritrea,2016,852020.0,253.20059435364044
415,Eritrea,2017,876880.0,258.20965842167254
416,Eritrea,2018,901740.0,261.75326560232224
417,Eritrea,2019,901740.0,257.78730703259004
418,Eritrea,2020,901740.0,253.65400843881858
419,Eritrea,2021,901740.0,249.09944751381215
420,Estonia,2015,4294000.0,3267.884322678843
421,Estonia,2016,2406900.0,1830.3422053231939
422,Estonia,2017,2802400.0,2127.86636294609
423,Estonia,2018,2791100.0,2111.270801815431
424,Estonia,2019,2791100.0,2103.315749811605
425,Estonia,2020,2791100.0,2100.1504890895408
426,Estonia,2021,2791100.0,2101.7319277108436
427,Eswatini,2015,143510.0,126.66372462488968
428,Eswatini,2016,146900.0,128.6339754816112
429,Eswatini,2017,151420.0,131.55516941789747
430,Eswatini,2018,154810.0,133.45689655172413
431,Eswatini,2019,154810.0,132.42942686056458
432,Eswatini,2020,154810.0,131.1949152542373
433,Eswatini,2021,154810.0,129.8741610738255
434,Ethiopia,2015,7695300.0,75.09734461457388
435,Ethiopia,2016,8305500.0,78.87988755187905
436,Ethiopia,2017,8949600.0,82.71578694418514
437,Ethiopia,2018,9537200.0,85.8209828217657
438,Ethiopia,2019,9537200.0,83.57167893445495
439,Ethiopia,2020,9537200.0,81.38237050942914
440,Ethiopia,2021,9537200.0,79.28967518269414
441,Falkland Islands,2015,2587.7,862.5666666666666
442,Falkland Islands,2016,2621.6,873.8666666666667
443,Falkland Islands,2017,2632.9,877.6333333333333
444,Falkland Islands,2018,2655.5,885.1666666666667
445,Falkland Islands,2019,2655.5,885.1666666666667
446,Falkland Islands,2020,2655.5,885.1666666666667
447,Falkland Islands,2021,2655.5,885.1666666666667
448,Faroe Islands,2015,77744.0,1619.6666666666665
449,Faroe Islands,2016,77744.0,1586.612244897959
450,Faroe Islands,2017,77744.0,1554.8799999999999
451,Faroe Islands,2018,77744.0,1554.8799999999999
452,Faroe Islands,2019,77744.0,1524.3921568627452
453,Faroe Islands,2020,77744.0,1495.076923076923
454,Faroe Islands,2021,77744.0,1495.076923076923
455,Fiji,2015,1231700.0,1343.184296619411
456,Fiji,2016,1254300.0,1366.3398692810456
457,Fiji,2017,1288200.0,1401.7410228509248
458,Fiji,2018,1322100.0,1440.1960784313724
459,Fiji,2019,1322100.0,1440.1960784313724
460,Fiji,2020,1322100.0,1437.0652173913045
461,Fiji,2021,1322100.0,1430.844155844156
462,Finland,2015,31979000.0,5836.649023544442
463,Finland,2016,20001000.0,3639.8544131028207
464,Finland,2017,20114000.0,3651.7792302106027
465,Finland,2018,20227000.0,3667.6337262012694
466,Finland,2019,20227000.0,3663.647889875023
467,Finland,2020,20227000.0,3658.3468981732685
468,Finland,2021,20227000.0,3654.3812104787717
469,France,2015,54466000.0,853.5786487799527
470,France,2016,54692000.0,854.7094031786713
471,France,2017,54918000.0,856.1673734098279
472,France,2018,55596000.0,864.9439146195373
473,France,2019,55596000.0,863.3053308281185
474,France,2020,55596000.0,862.2208436724566
475,France,2021,55596000.0,861.5394151648045
476,French Guiana,2015,129950.0,505.6420233463035
477,French Guiana,2016,133340.0,508.9312977099237
478,French Guiana,2017,136730.0,508.2899628252788
479,French Guiana,2018,141250.0,511.77536231884056
480,French Guiana,2019,141250.0,497.35915492957747
481,French Guiana,2020,141250.0,487.0689655172414
482,French Guiana,2021,141250.0,475.5892255892256
483,French Polynesia,2015,115260.0,396.0824742268041
484,French Polynesia,2016,117520.0,401.0921501706485
485,French Polynesia,2017,118650.0,402.20338983050846
486,French Polynesia,2018,120910.0,407.10437710437714
487,French Polynesia,2019,120910.0,404.3812709030101
488,French Polynesia,2020,120910.0,401.6943521594684
489,French Polynesia,2021,120910.0,397.7302631578947
490,Gabon,2015,513020.0,252.96844181459568
491,Gabon,2016,528840.0,253.51869606903165
492,Gabon,2017,541270.0,252.92990654205607
493,Gabon,2018,554830.0,253.11587591240877
494,Gabon,2019,554830.0,247.47100802854595
495,Gabon,2020,554830.0,242.07242582897032
496,Gabon,2021,554830.0,237.0055531824007
497,Gambia,2015,363860.0,161.50022192632048
498,Gambia,2016,376290.0,162.4039706517048
499,Gambia,2017,393240.0,165.157496850063
500,Gambia,2018,414710.0,169.68494271685762
501,Gambia,2019,414710.0,165.3548644338118
502,Gambia,2020,414710.0,161.17761368052857
503,Gambia,2021,414710.0,157.14664645699128
504,Georgia,2015,5118900.0,1357.4383452665074
505,Georgia,2016,5164100.0,1369.4245558207372
506,Georgia,2017,5243200.0,1390.4004242906392
507,Georgia,2018,5333600.0,1413.9978791092258
508,Georgia,2019,5333600.0,1414.7480106100795
509,Georgia,2020,5333600.0,1416.6268260292165
510,Georgia,2021,5333600.0,1419.6433324461007
511,Germany,2015,40906000.0,498.40995211579934
512,Germany,2016,41019000.0,498.220597344864
513,Germany,2017,41245000.0,499.18909759876067
514,Germany,2018,41471000.0,500.277456089558
515,Germany,2019,41471000.0,498.7612450088998
516,Germany,2020,41471000.0,497.68385176651304
517,Germany,2021,41471000.0,497.2065029733359
518,Ghana,2015,1423800.0,49.31763075857291
519,Ghana,2016,1480300.0,50.08797455505177
520,Ghana,2017,1559400.0,51.598173515981735
521,Ghana,2018,1627200.0,52.71137026239067
522,Ghana,2019,1627200.0,51.62109003235835
523,Ghana,2020,1627200.0,50.56556867619639
524,Ghana,2021,1627200.0,49.55989400907623
525,Gibraltar,2015,48929.0,1529.03125
526,Gibraltar,2016,49833.0,1557.28125
527,Gibraltar,2017,50624.0,1582.0
528,Gibraltar,2018,51415.0,1606.71875
529,Gibraltar,2019,51415.0,1606.71875
530,Gibraltar,2020,51415.0,1606.71875
531,Gibraltar,2021,51415.0,1606.71875
532,Greece,2015,17741000.0,1641.773089024616
533,Greece,2016,17628000.0,1639.9665085124198
534,Greece,2017,17628000.0,1648.709315375982
535,Greece,2018,17515000.0,1647.2303206997085
536,Greece,2019,17515000.0,1656.4214110081332
537,Greece,2020,17515000.0,1666.1910197869101
538,Greece,2021,17515000.0,1676.8788894207755
539,Greenland,2015,205660.0,3739.272727272727
540,Greenland,2016,205660.0,3739.272727272727
541,Greenland,2017,205660.0,3739.272727272727
542,Greenland,2018,205660.0,3739.272727272727
543,Greenland,2019,205660.0,3739.272727272727
544,Greenland,2020,205660.0,3672.5
545,Greenland,2021,205660.0,3672.5
546,Grenada,2015,110853.0,939.4322033898305
547,Grenada,2016,112548.0,945.7815126050419
548,Grenada,2017,114130.0,951.0833333333333
549,Grenada,2018,116390.0,961.900826446281
550,Grenada,2019,116390.0,954.016393442623
551,Grenada,2020,116390.0,946.260162601626
552,Grenada,2021,116390.0,938.6290322580645
553,Guadeloupe,2015,235040.0,589.0726817042607
554,Guadeloupe,2016,235040.0,592.0403022670025
555,Guadeloupe,2017,235040.0,592.0403022670025
556,Guadeloupe,2018,235040.0,593.5353535353536
557,Guadeloupe,2019,235040.0,595.0379746835443
558,Guadeloupe,2020,235040.0,595.0379746835443
559,Guadeloupe,2021,235040.0,593.5353535353536
560,Guam,2015,98536.0,590.0359281437126
561,Guam,2016,99214.0,590.5595238095239
562,Guam,2017,100005.0,595.2678571428571
563,Guam,2018,100909.0,600.6488095238095
564,Guam,2019,100909.0,600.6488095238095
565,Guam,2020,100909.0,597.094674556213
566,Guam,2021,100909.0,593.5823529411765
567,Guatemala,2015,20792000.0,1299.4187863258546
568,Guatemala,2016,21470000.0,1317.9055920446872
569,Guatemala,2017,22035000.0,1329.1711907347087
570,Guatemala,2018,22713000.0,1347.952522255193
571,Guatemala,2019,22713000.0,1327.7797264117853
572,Guatemala,2020,22713000.0,1308.2018200668126
573,Guatemala,2021,22713000.0,1289.9250340754202
574,Guinea,2015,3073600.0,264.39569892473116
575,Guinea,2016,3265700.0,273.7384744341995
576,Guinea,2017,3514300.0,287.11601307189545
577,Guinea,2018,3729000.0,297.0368010195953
578,Guinea,2019,3729000.0,289.58608371515106
579,Guinea,2020,3729000.0,282.3930329420674
580,Guinea,2021,3729000.0,275.5893873327914
581,Guinea-Bissau,2015,518670.0,290.0838926174497
582,Guinea-Bissau,2016,545790.0,297.59541984732823
583,Guinea-Bissau,2017,572910.0,304.9015433741352
584,Guinea-Bissau,2018,596640.0,310.10395010395007
585,Guinea-Bissau,2019,596640.0,302.8629441624365
586,Guinea-Bissau,2020,596640.0,296.09925558312653
587,Guinea-Bissau,2021,596640.0,289.63106796116506
588,Guyana,2015,1344700.0,1781.0596026490066
589,Guyana,2016,1367300.0,1801.449275362319
590,Guyana,2017,1378600.0,1806.8152031454783
591,Guyana,2018,1401200.0,1784.968152866242
592,Guyana,2019,1401200.0,1755.889724310777
593,Guyana,2020,1401200.0,1758.0928481806775
594,Guyana,2021,1401200.0,1742.7860696517414
595,Haiti,2015,1593300.0,150.83783016188582
596,Haiti,2016,1649800.0,153.99981331093065
597,Haiti,2017,1695000.0,156.034244683789
598,Haiti,2018,1751500.0,159.05375953505268
599,Haiti,2019,1751500.0,156.94444444444446
600,Haiti,2020,1751500.0,154.91774279143817
601,Haiti,2021,1751500.0,153.00952214554033
602,Honduras,2015,8915700.0,959.2963202065849
603,Honduras,2016,9232100.0,975.909090909091
604,Honduras,2017,9571100.0,994.2966964471224
605,Honduras,2018,9898800.0,1010.9068627450981
606,Honduras,2019,9898800.0,994.0550311307492
607,Honduras,2020,9898800.0,978.0456476632744
608,Honduras,2021,9898800.0,963.1056625802685
609,Hong Kong,2015,22939452.0,3100.3449114745235
610,Hong Kong,2016,22939452.0,3085.333154001345
611,Hong Kong,2017,22939452.0,3074.581423401689
612,Hong Kong,2018,22939452.0,3066.3617163480812
613,Hong Kong,2019,22939452.0,3060.225720384205
614,Hong Kong,2020,22939452.0,3058.5936
615,Hong Kong,2021,22939452.0,3061.0424339471574
616,Hungary,2015,5909900.0,600.3555465258025
617,Hungary,2016,4655600.0,474.3352012226184
618,Hungary,2017,4644300.0,474.48917041275035
619,Hungary,2018,4633000.0,473.91571194762685
620,Hungary,2019,4633000.0,474.1582233138881
621,Hungary,2020,4633000.0,475.1794871794872
622,Hungary,2021,4633000.0,477.1861159748687
623,Iceland,2015,937900.0,2833.534743202417
624,Iceland,2016,944680.0,2819.940298507463
625,Iceland,2017,951460.0,2773.935860058309
626,Iceland,2018,959370.0,2725.4829545454545
627,Iceland,2019,959370.0,2664.916666666667
628,Iceland,2020,959370.0,2621.2295081967213
629,Iceland,2021,959370.0,2592.8918918918916
630,India,2015,106225311.0,80.29937348151665
631,India,2016,106225311.0,79.35339479888484
632,India,2017,106225311.0,78.44166534361743
633,India,2018,106225311.0,77.59319081112314
634,India,2019,106225311.0,76.80166971293721
635,India,2020,106225311.0,76.07154105559562
636,India,2021,106225311.0,75.4675357337469
637,Indonesia,2015,46895000.0,180.99818210590104
638,Indonesia,2016,48477000.0,185.13270956654574
639,Indonesia,2017,50059000.0,189.26041028665622
640,Indonesia,2018,51754000.0,193.7873035129893
641,Indonesia,2019,51754000.0,191.97869293943958
642,Indonesia,2020,51754000.0,190.37214417874102
643,Indonesia,2021,51754000.0,189.05363594188924
644,Iran,2015,14125000.0,172.69837388433794
645,Iran,2016,14690000.0,176.33783881113007
646,Iran,2017,15142000.0,179.18466362937104
647,Iran,2018,15255000.0,178.1772311573636
648,Iran,2019,15255000.0,176.22799316112935
649,Iran,2020,15255000.0,174.762286630771
650,Iran,2021,15255000.0,173.50408880497707
651,Iraq,2015,33787000.0,894.8539343697857
652,Iraq,2016,35595000.0,919.8387471897046
653,Iraq,2017,36499000.0,921.2034022361879
654,Iraq,2018,37403000.0,921.4831239221483
655,Iraq,2019,37403000.0,899.9109785145441
656,Iraq,2020,37403000.0,878.9124917755428
657,Iraq,2021,37403000.0,859.1872832104381
658,Ireland,2015,1548100.0,331.85423365487674
659,Ireland,2016,2000100.0,424.1993637327677
660,Ireland,2017,2045300.0,428.69419408928945
661,Ireland,2018,2067900.0,427.78237484484896
662,Ireland,2019,2067900.0,422.3651960784314
663,Ireland,2020,2067900.0,418.0954306510311
664,Ireland,2021,2067900.0,414.7412755716005
665,Israel,2015,19662000.0,2455.6013488197827
666,Israel,2016,20114000.0,2465.2530947420028
667,Israel,2017,20566000.0,2475.1474304970516
668,Israel,2018,20905000.0,2472.20908230842
669,Israel,2019,20905000.0,2428.8369931451143
670,Israel,2020,20905000.0,2387.233070686308
671,Israel,2021,20905000.0,2348.876404494382
672,Italy,2015,47799000.0,793.5814849249568
673,Italy,2016,47686000.0,793.2066935027779
674,Italy,2017,47686000.0,794.7136857542831
675,Italy,2018,47460000.0,792.6248810060624
676,Italy,2019,47460000.0,794.6155005273997
677,Italy,2020,47460000.0,797.6470588235295
678,Italy,2021,47460000.0,801.147873058744
679,Jamaica,2015,1248763.0,446.944523979957
680,Jamaica,2016,1248763.0,445.6684511063526
681,Jamaica,2017,1248763.0,444.71616809116813
682,Jamaica,2018,1248763.0,444.2415510494486
683,Jamaica,2019,1248763.0,443.9257020974049
684,Jamaica,2020,1248763.0,442.82375886524824
685,Jamaica,2021,1248763.0,441.72727272727275
686,Japan,2015,12769000.0,100.34577603143418
687,Japan,2016,12769000.0,100.5488491491657
688,Japan,2017,12769000.0,100.81160884874706
689,Japan,2018,12656000.0,100.2415745911053
690,Japan,2019,12656000.0,100.61133149430404
691,Japan,2020,12656000.0,101.05074893807287
692,Japan,2021,12656000.0,101.56325233524862
693,Jordan,2015,13334000.0,1404.4659785127449
694,Jordan,2016,13673000.0,1372.2400642312325
695,Jordan,2017,14125000.0,1382.7704356338718
696,Jordan,2018,14464000.0,1382.9237976862032
697,Jordan,2019,14464000.0,1352.0284165264536
698,Jordan,2020,14464000.0,1323.5724743777453
699,Jordan,2021,14464000.0,1297.4524578399714
700,Kazakhstan,2015,11526000.0,646.2573591253154
701,Kazakhstan,2016,11752000.0,650.0719106095808
702,Kazakhstan,2017,11978000.0,654.0351643551381
703,Kazakhstan,2018,12204000.0,658.3234437371884
704,Kazakhstan,2019,12204000.0,650.741175215954
705,Kazakhstan,2020,12204000.0,643.0265029769746
706,Kazakhstan,2021,12204000.0,635.7574494686394
707,Kenya,2015,3548200.0,75.73370899233741
708,Kenya,2016,3751600.0,78.33131498726354
709,Kenya,2017,3943700.0,80.56917545149955
710,Kenya,2018,4158400.0,83.24625147638781
711,Kenya,2019,4158400.0,81.61566995741006
712,Kenya,2020,4158400.0,79.99230547273251
713,Kenya,2021,4158400.0,78.45297613432695
714,Kiribati,2015,34578.0,298.08620689655174
715,Kiribati,2016,36273.0,307.39830508474574
716,Kiribati,2017,37290.0,310.75
717,Kiribati,2018,38646.0,316.7704918032787
718,Kiribati,2019,38646.0,311.6612903225806
719,Kiribati,2020,38646.0,306.7142857142857
720,Kiribati,2021,38646.0,301.921875
721,Kosovo,2015,297529.0,169.1466742467311
722,Kosovo,2016,297529.0,170.01657142857144
723,Kosovo,2017,297529.0,171.88272674754478
724,Kosovo,2018,297529.0,174.09537741369223
725,Kosovo,2019,297529.0,176.4703440094899
726,Kosovo,2020,297529.0,178.16107784431136
727,Kosovo,2021,297529.0,179.01865222623343
728,Kuwait,2015,31979000.0,8182.958034800409
729,Kuwait,2016,32996000.0,8151.185770750988
730,Kuwait,2017,33448000.0,8110.572259941804
731,Kuwait,2018,33900000.0,7852.675469075747
732,Kuwait,2019,33900000.0,7633.415897320424
733,Kuwait,2020,33900000.0,7775.229357798165
734,Kuwait,2021,33900000.0,7976.470588235294
735,Kyrgyzstan,2015,1661100.0,280.8758877240446
736,Kyrgyzstan,2016,1706300.0,283.5327351279495
737,Kyrgyzstan,2017,1762800.0,287.9921581440941
738,Kyrgyzstan,2018,1808000.0,290.53511168246825
739,Kyrgyzstan,2019,1808000.0,285.9402182508303
740,Kyrgyzstan,2020,1808000.0,281.4445828144458
741,Kyrgyzstan,2021,1808000.0,277.0032174046269
742,Lao Peoples Democratic Republic,2015,2022700.0,0.0
743,Lao Peoples Democratic Republic,2016,2022700.0,0.0
744,Lao Peoples Democratic Republic,2017,2022700.0,0.0
745,Lao Peoples Democratic Republic,2018,2022700.0,0.0
746,Lao Peoples Democratic Republic,2019,2022700.0,0.0
747,Lao Peoples Democratic Republic,2020,2022700.0,0.0
748,Lao Peoples Democratic Republic,2021,2022700.0,0.0
749,Latvia,2015,3009303.0,1511.453038674033
750,Latvia,2016,3009303.0,1525.2422706538266
751,Latvia,2017,3009303.0,1540.0731832139202
752,Latvia,2018,3009303.0,1555.1953488372092
753,Latvia,2019,3009303.0,1570.617432150313
754,Latvia,2020,3009303.0,1586.3484449130206
755,Latvia,2021,3009303.0,1606.6753870795515
756,Lebanon,2015,11141800.0,1741.450453266646
757,Lebanon,2016,11413000.0,1823.7456056248002
758,Lebanon,2017,11639000.0,1905.2218038958913
759,Lebanon,2018,11639000.0,1956.1344537815125
760,Lebanon,2019,11639000.0,2013.3194948970765
761,Lebanon,2020,11639000.0,2055.634051571883
762,Lebanon,2021,11639000.0,2081.3662374821174
763,Lesotho,2015,287020.0,135.51463644948063
764,Lesotho,2016,297190.0,138.67942137190855
765,Lesotho,2017,302840.0,139.55760368663593
766,Lesotho,2018,310750.0,141.37852593266607
767,Lesotho,2019,310750.0,139.6629213483146
768,Lesotho,2020,310750.0,137.86601597160603
769,Lesotho,2021,310750.0,136.23410784743533
770,Liberia,2015,1087060.0,235.70251517779704
771,Liberia,2016,1104010.0,234.59626009349768
772,Liberia,2017,1141300.0,237.96914095079234
773,Liberia,2018,1175200.0,240.37635508283904
774,Liberia,2019,1175200.0,235.74724172517554
775,Liberia,2020,1175200.0,231.02024769019067
776,Liberia,2021,1175200.0,226.30464086269978
777,Libya,2015,7661400.0,1237.3062015503876
778,Libya,2016,7684000.0,1223.1773320598536
779,Libya,2017,8136000.0,1275.634995296331
780,Libya,2018,8429800.0,1301.4976069167824
781,Libya,2019,8429800.0,1283.2699040949915
782,Libya,2020,8429800.0,1267.06748835112
783,Libya,2021,8429800.0,1251.6406829992575
784,Lithuania,2015,3446500.0,1163.1792102598718
785,Lithuania,2016,3412600.0,1163.5185816570065
786,Lithuania,2017,3390000.0,1167.3553719008264
787,Lithuania,2018,3333500.0,1159.0751043115438
788,Lithuania,2019,3333500.0,1170.05967005967
789,Lithuania,2020,3333500.0,1182.0921985815603
790,Lithuania,2021,3333500.0,1196.5183058147882
791,Luxembourg,2015,72433.0,127.298769771529
792,Luxembourg,2016,73563.0,126.18010291595198
793,Luxembourg,2017,74580.0,125.13422818791946
794,Luxembourg,2018,77631.0,127.89291598023064
795,Luxembourg,2019,77631.0,125.41357027463651
796,Luxembourg,2020,77631.0,123.22380952380952
797,Luxembourg,2021,77631.0,121.48826291079813
798,Macao,2015,83168.0,135.23252032520327
799,Macao,2016,84185.0,134.48083067092654
800,Macao,2017,86445.0,135.49373040752351
801,Macao,2018,88253.0,135.77384615384616
802,Macao,2019,88253.0,133.11161387631975
803,Macao,2020,88253.0,130.551775147929
804,Macao,2021,88253.0,128.64868804664724
805,Madagascar,2015,3514300.0,141.420523138833
806,Madagascar,2016,3695100.0,144.90019999215718
807,Madagascar,2017,3898500.0,148.9739768428293
808,Madagascar,2018,4113200.0,153.21463160247336
809,Madagascar,2019,4113200.0,149.39163912396035
810,Madagascar,2020,4113200.0,145.7289636846767
811,Madagascar,2021,4113200.0,142.2514265951928
812,Malawi,2015,1254300.0,74.05242649663478
813,Malawi,2016,1299500.0,74.66245331801207
814,Malawi,2017,1367300.0,76.46664056820089
815,Malawi,2018,1423800.0,77.51946425654707
816,Malawi,2019,1423800.0,75.4650977897917
817,Malawi,2020,1423800.0,73.47886669763122
818,Malawi,2021,1423800.0,71.58730956810297
819,Malaysia,2015,27798000.0,894.7470065662418
820,Malaysia,2016,28589000.0,906.8387997208653
821,Malaysia,2017,29493000.0,922.3768569194683
822,Malaysia,2018,30284000.0,934.7202074138091
823,Malaysia,2019,30284000.0,923.1800999878063
824,Malaysia,2020,30284000.0,912.1961504864605
825,Malaysia,2021,30284000.0,902.0343728591428
826,Maldives,2015,458893.0,1054.9264367816093
827,Maldives,2016,458893.0,1010.7775330396477
828,Maldives,2017,458893.0,972.2309322033898
829,Maldives,2018,458893.0,938.4314928425358
830,Maldives,2019,458893.0,910.5019841269841
831,Maldives,2020,458893.0,892.7879377431907
832,Maldives,2021,458893.0,880.7927063339731
833,Mali,2015,1740200.0,96.07994699646643
834,Mali,2016,1841900.0,98.49732620320856
835,Mali,2017,1954900.0,101.23245818445446
836,Mali,2018,2067900.0,103.73733319955855
837,Mali,2019,2067900.0,100.54456167647203
838,Mali,2020,2067900.0,97.43215228043724
839,Mali,2021,2067900.0,94.4074141709277
840,Malta,2015,313010.0,686.4254385964912
841,Malta,2016,314140.0,672.676659528908
842,Malta,2017,315270.0,658.1837160751566
843,Malta,2018,318660.0,649.0020366598778
844,Malta,2019,318660.0,633.5188866799206
845,Malta,2020,318660.0,618.7572815533981
846,Malta,2021,318660.0,605.8174904942966
847,Martinique,2015,189840.0,495.6657963446475
848,Martinique,2016,189840.0,499.57894736842104
849,Martinique,2017,189840.0,503.55437665782495
850,Martinique,2018,189840.0,507.59358288770056
851,Martinique,2019,189840.0,510.32258064516134
852,Martinique,2020,189840.0,513.081081081081
853,Martinique,2021,189840.0,515.8695652173913
854,Mauritania,2015,1378600.0,349.36644703497217
855,Mauritania,2016,1435100.0,354.2582078499136
856,Mauritania,2017,1502900.0,361.27403846153845
857,Mauritania,2018,1570700.0,367.8454332552693
858,Mauritania,2019,1570700.0,358.36185261236596
859,Mauritania,2020,1570700.0,349.1996442863495
860,Mauritania,2021,1570700.0,340.4204594711747
861,Mauritius,2015,1706300.0,1319.644238205723
862,Mauritius,2016,1717600.0,1328.383604021655
863,Mauritius,2017,1728900.0,1336.0896445131375
864,Mauritius,2018,1751500.0,1352.5096525096526
865,Mauritius,2019,1751500.0,1351.4660493827162
866,Mauritius,2020,1751500.0,1350.4240555127217
867,Mauritius,2021,1751500.0,1349.3836671802774
868,Mexico,2015,197750000.0,1645.8730409741238
869,Mexico,2016,201140000.0,1655.2144109151654
870,Mexico,2017,204530000.0,1665.0249513590961
871,Mexico,2018,209050000.0,1685.71036907421
872,Mexico,2019,209050000.0,1671.2635407922612
873,Mexico,2020,209050000.0,1659.1533198939665
874,Mexico,2021,209050000.0,1649.8954263841206
875,Moldova,2015,2271300.0,693.1034482758621
876,Moldova,2016,2293900.0,711.2868217054263
877,Moldova,2017,2327800.0,732.0125786163522
878,Moldova,2018,2350400.0,748.2967207895575
879,Moldova,2019,2350400.0,755.9987134126729
880,Moldova,2020,2350400.0,762.1271076523996
881,Moldova,2021,2350400.0,767.8536426004574
882,Mongolia,2015,1100620.0,371.32928475033737
883,Mongolia,2016,1120960.0,370.0759326510399
884,Mongolia,2017,1152600.0,372.28682170542635
885,Mongolia,2018,1175200.0,371.5460006323111
886,Mongolia,2019,1175200.0,363.61386138613864
887,Mongolia,2020,1175200.0,356.7698846387371
888,Mongolia,2021,1175200.0,351.12040633403046
889,Montserrat,2015,436.18,87.236
890,Montserrat,2016,448.61,89.722
891,Montserrat,2017,464.43,116.1075
892,Montserrat,2018,466.69,116.6725
893,Montserrat,2019,466.69,116.6725
894,Montserrat,2020,466.69,116.6725
895,Montserrat,2021,466.69,116.6725
896,Morocco,2015,59777000.0,1723.6735870818916
897,Morocco,2016,61246000.0,1744.552368473524
898,Morocco,2017,62941000.0,1771.5886061697815
899,Morocco,2018,64523000.0,1795.9473376569154
900,Morocco,2019,64523000.0,1777.2972675187307
901,Morocco,2020,64523000.0,1758.6949411251635
902,Morocco,2021,64523000.0,1740.290214694142
903,Mozambique,2015,1808000.0,67.35461759117834
904,Mozambique,2016,1898400.0,68.54419410745234
905,Mozambique,2017,1988800.0,69.61391718296055
906,Mozambique,2018,2079200.0,70.66580566223703
907,Mozambique,2019,2079200.0,68.65444939739146
908,Mozambique,2020,2079200.0,66.68804926550773
909,Mozambique,2021,2079200.0,64.81902921096113
910,Myanmar,2015,4531300.0,88.01546141444749
911,Myanmar,2016,4678200.0,90.15262468203191
912,Myanmar,2017,4836400.0,92.4954100367197
913,Myanmar,2018,4983300.0,94.62081798503777
914,Myanmar,2019,4983300.0,93.95361990950227
915,Myanmar,2020,4983300.0,93.28004791943545
916,Myanmar,2021,4983300.0,92.62983754042901
917,Namibia,2015,563870.0,247.09465381244522
918,Namibia,2016,588730.0,253.43521308652603
919,Namibia,2017,611330.0,258.5998307952623
920,Namibia,2018,633930.0,263.58835758835755
921,Namibia,2019,633930.0,259.1700735895339
922,Namibia,2020,633930.0,254.6926476496585
923,Namibia,2021,633930.0,250.56521739130437
924,Nauru,2015,8972.2,815.6545454545455
925,Nauru,2016,9220.8,838.2545454545455
926,Nauru,2017,9322.5,847.5
927,Nauru,2018,9243.4,840.3090909090909
928,Nauru,2019,9243.4,770.2833333333333
929,Nauru,2020,9243.4,770.2833333333333
930,Nauru,2021,9243.4,770.2833333333333
931,Nepal,2015,445220.0,16.125316914161537
932,Nepal,2016,459910.0,16.507304116865868
933,Nepal,2017,484770.0,17.20079480537913
934,Nepal,2018,509630.0,17.877990598470497
935,Nepal,2019,509630.0,17.67584628190899
936,Nepal,2020,509630.0,17.365067466266865
937,Nepal,2021,509630.0,16.968435772790837
938,Netherlands,2015,13447000.0,789.0968839856816
939,Netherlands,2016,13447000.0,785.2721326792805
940,Netherlands,2017,13560000.0,788.0513744406346
941,Netherlands,2018,13673000.0,790.9869258359365
942,Netherlands,2019,13673000.0,787.4791222714969
943,Netherlands,2020,13673000.0,784.2721119651256
944,Netherlands,2021,13673000.0,781.269641734758
945,New Caledonia,2015,135600.0,479.1519434628975
946,New Caledonia,2016,137860.0,487.1378091872792
947,New Caledonia,2017,141250.0,497.35915492957747
948,New Caledonia,2018,144640.0,509.29577464788736
949,New Caledonia,2019,144640.0,507.50877192982455
950,New Caledonia,2020,144640.0,505.7342657342657
951,New Caledonia,2021,144640.0,503.9721254355401
952,New Zealand,2015,15933000.0,3471.2418300653594
953,New Zealand,2016,16046000.0,3437.4464438731793
954,New Zealand,2017,16272000.0,3428.571428571429
955,New Zealand,2018,16385000.0,3386.7300537412157
956,New Zealand,2019,16385000.0,3304.0935672514615
957,New Zealand,2020,16385000.0,3237.502469867615
958,New Zealand,2021,16385000.0,3194.5798401247807
959,Nicaragua,2015,3514300.0,558.0025404890441
960,Nicaragua,2016,3604700.0,564.2041007982469
961,Nicaragua,2017,3695100.0,570.2314814814815
962,Nicaragua,2018,3706400.0,563.9683505782106
963,Nicaragua,2019,3706400.0,556.2659462704487
964,Nicaragua,2020,3706400.0,548.6898593634345
965,Nicaragua,2021,3706400.0,541.0802919708029
966,Niger,2015,606810.0,30.147555643879173
967,Niger,2016,636190.0,30.409158262033362
968,Niger,2017,667830.0,30.723190872705523
969,Niger,2018,701730.0,31.081631749125215
970,Niger,2019,701730.0,29.933455615748837
971,Niger,2020,701730.0,28.83861422759216
972,Niger,2021,701730.0,27.789086012989067
973,Nigeria,2015,49042000.0,266.5398516264029
974,Nigeria,2016,50737000.0,268.92497853349306
975,Nigeria,2017,52658000.0,272.1413990025582
976,Nigeria,2018,54805000.0,276.2529802860067
977,Nigeria,2019,54805000.0,269.57167591390237
978,Nigeria,2020,54805000.0,263.0719973887206
979,Nigeria,2021,54805000.0,256.8169783646749
980,North Korea,2015,10768900.0,0.0
981,North Korea,2016,10881900.0,0.0
982,North Korea,2017,10983600.0,0.0
983,North Korea,2018,11096600.0,0.0
984,North Korea,2019,11096600.0,0.0
985,North Korea,2020,11096600.0,0.0
986,North Korea,2021,11096600.0,0.0
987,North Macedonia,2015,1322100.0,627.4798291409587
988,North Macedonia,2016,1333400.0,631.9431279620853
989,North Macedonia,2017,1344700.0,636.9966840360019
990,North Macedonia,2018,1356000.0,641.7415996213914
991,North Macedonia,2019,1356000.0,641.438032166509
992,North Macedonia,2020,1356000.0,642.3495973472288
993,North Macedonia,2021,1356000.0,644.7931526390871
994,Norway,2015,4972000.0,957.9961464354528
995,Norway,2016,4700800.0,897.7845683728037
996,Norway,2017,4418300.0,837.2749668372181
997,Norway,2018,4418300.0,831.7582831325301
998,Norway,2019,4418300.0,826.1593118922962
999,Norway,2020,4418300.0,821.3980293734895
1000,Norway,2021,4418300.0,817.7493984823248
1001,Oman,2015,3864600.0,922.1188260558339
1002,Oman,2016,4124500.0,937.8126421100501
1003,Oman,2017,4339200.0,955.5604492402554
1004,Oman,2018,4553900.0,989.7630949793523
1005,Oman,2019,4553900.0,989.5480225988701
1006,Oman,2020,4553900.0,1002.3992956196346
1007,Oman,2021,4553900.0,1007.5
1008,Pakistan,2015,44748000.0,212.10699202252462
1009,Pakistan,2016,46443000.0,217.50716547086043
1010,Pakistan,2017,48138000.0,222.47075732857627
1011,Pakistan,2018,49833000.0,226.79093983097513
1012,Pakistan,2019,49833000.0,223.17314022383147
1013,Pakistan,2020,49833000.0,219.3392489304389
1014,Pakistan,2021,49833000.0,215.35250343557965
1015,Palau,2015,10260.4,603.5529411764705
1016,Palau,2016,10441.2,614.1882352941177
1017,Palau,2017,10531.6,619.5058823529412
1018,Palau,2018,10791.5,634.7941176470588
1019,Palau,2019,10791.5,634.7941176470588
1020,Palau,2020,10791.5,634.7941176470588
1021,Palau,2021,10791.5,599.5277777777778
1022,Palestine,2015,1380973.0,307.9779214986619
1023,Palestine,2016,1380973.0,300.66906161550185
1024,Palestine,2017,1380973.0,293.8240425531915
1025,Palestine,2018,1380973.0,287.40332986472424
1026,Palestine,2019,1380973.0,281.3145243430434
1027,Palestine,2020,1380973.0,275.14903367204624
1028,Palestine,2021,1380973.0,269.03818429768165
1029,Panama,2015,4361800.0,1102.299722011625
1030,Panama,2016,4486100.0,1114.28216592151
1031,Panama,2017,4610400.0,1125.5859375
1032,Panama,2018,4734700.0,1136.7827130852343
1033,Panama,2019,4734700.0,1118.7854442344046
1034,Panama,2020,4734700.0,1102.6315789473683
1035,Panama,2021,4734700.0,1088.1866237646518
1036,Papua New Guinea,2015,472340.0,54.404515088689244
1037,Papua New Guinea,2016,488160.0,54.855601753005956
1038,Papua New Guinea,2017,500590.0,54.925389510642965
1039,Papua New Guinea,2018,510760.0,54.749705220280845
1040,Papua New Guinea,2019,510760.0,53.52756235590023
1041,Papua New Guinea,2020,510760.0,52.39101446302185
1042,Papua New Guinea,2021,510760.0,51.337822896773545
1043,Paraguay,2015,913040.0,147.81285413631213
1044,Paraguay,2016,935640.0,149.3201404404724
1045,Paraguay,2017,959370.0,150.96302124311566
1046,Paraguay,2018,981970.0,152.40881576905167
1047,Paraguay,2019,981970.0,150.37825421133232
1048,Paraguay,2020,981970.0,148.37866424901785
1049,Paraguay,2021,981970.0,146.49709085484113
1050,Peru,2015,22600000.0,735.8926768910162
1051,Peru,2016,23052000.0,740.4599768726712
1052,Peru,2017,23504000.0,743.6797975003956
1053,Peru,2018,23956000.0,743.9058472813092
1054,Peru,2019,23956000.0,729.8318303680234
1055,Peru,2020,23956000.0,719.3129954359837
1056,Peru,2021,23956000.0,710.5442681299126
1057,Philippines,2015,17063000.0,165.61035028292454
1058,Philippines,2016,17628000.0,168.08581644815257
1059,Philippines,2017,18306000.0,171.50405666210722
1060,Philippines,2018,18871000.0,173.81733107361285
1061,Philippines,2019,18871000.0,170.96394274325058
1062,Philippines,2020,18871000.0,168.20572243515466
1063,Philippines,2021,18871000.0,165.70951879171056
1064,Poland,2015,18306000.0,474.82686172282314
1065,Poland,2016,16046000.0,416.4330945707464
1066,Poland,2017,18306000.0,475.08564310183743
1067,Poland,2018,18193000.0,472.28784299473017
1068,Poland,2019,18193000.0,472.6313875250045
1069,Poland,2020,18193000.0,473.4308316852296
1070,Poland,2021,18193000.0,474.92625368731564
1071,Portugal,2015,8927000.0,861.2638687891944
1072,Portugal,2016,9299900.0,900.1064653503678
1073,Portugal,2017,10373400.0,1006.4422237314446
1074,Portugal,2018,10328200.0,1003.8098940616192
1075,Portugal,2019,10328200.0,1003.8098940616192
1076,Portugal,2020,10328200.0,1002.9326082734513
1077,Portugal,2021,10328200.0,1003.712342079689
1078,Puerto Rico,2015,4079300.0,1166.5141549899913
1079,Puerto Rico,2016,4068000.0,1185.3146853146852
1080,Puerto Rico,2017,4045400.0,1201.8419489007724
1081,Puerto Rico,2018,4000200.0,1205.242542934619
1082,Puerto Rico,2019,4000200.0,1215.1275820170108
1083,Puerto Rico,2020,4000200.0,1222.9287679608683
1084,Puerto Rico,2021,4000200.0,1228.5626535626536
1085,Qatar,2015,4836400.0,2003.479701739851
1086,Qatar,2016,5005900.0,1929.0558766859344
1087,Qatar,2017,5141500.0,1896.5326447805237
1088,Qatar,2018,5254500.0,1899.6746203904554
1089,Qatar,2019,5254500.0,1871.9273245457784
1090,Qatar,2020,5254500.0,1903.804347826087
1091,Qatar,2021,5254500.0,1954.799107142857
1092,Romania,2015,25199000.0,1265.8997287250077
1093,Romania,2016,25086000.0,1267.1616911653282
1094,Romania,2017,24973000.0,1267.7936846380344
1095,Romania,2018,24521000.0,1250.6885647250842
1096,Romania,2019,24521000.0,1255.9414054497029
1097,Romania,2020,24521000.0,1261.2385557041457
1098,Romania,2021,24521000.0,1268.6775662251657
1099,Russian Federation,2015,292670000.0,2023.0458705449719
1100,Russian Federation,2016,292670000.0,2016.8976424618736
1101,Russian Federation,2017,292670000.0,2012.1414624755935
1102,Russian Federation,2018,292670000.0,2009.3785186609177
1103,Russian Federation,2019,292670000.0,2008.137667933746
1104,Russian Federation,2020,292670000.0,2009.8614859528761
1105,Russian Federation,2021,292670000.0,2016.994941489435
1106,Rwanda,2015,1063330.0,91.33568115444082
1107,Rwanda,2016,1113050.0,93.2984073763621
1108,Rwanda,2017,1163900.0,95.16762060506949
1109,Rwanda,2018,1220400.0,97.39047163035671
1110,Rwanda,2019,1220400.0,95.08375535644721
1111,Rwanda,2020,1220400.0,92.83432222729348
1112,Rwanda,2021,1220400.0,90.66191219077334
1113,Réunion,2015,177410.0,192.41865509761388
1114,Réunion,2016,178540.0,192.80777537796976
1115,Réunion,2017,179670.0,192.77896995708153
1116,Réunion,2018,181930.0,193.33687566418703
1117,Réunion,2019,181930.0,191.70706006322445
1118,Réunion,2020,181930.0,190.1044932079415
1119,Réunion,2021,181930.0,188.33333333333331
1120,SCG,2015,5356200.0,0.0
1121,SCG,2016,5378800.0,0.0
1122,SCG,2017,5390100.0,0.0
1123,SCG,2018,5424000.0,0.0
1124,SCG,2019,5424000.0,0.0
1125,SCG,2020,5424000.0,0.0
1126,SCG,2021,5424000.0,0.0
1127,"Saint Helena, Ascension and Tristan da Cunha",2015,1003.4399999999999,0.0
1128,"Saint Helena, Ascension and Tristan da Cunha",2016,997.79,0.0
1129,"Saint Helena, Ascension and Tristan da Cunha",2017,997.79,0.0
1130,"Saint Helena, Ascension and Tristan da Cunha",2018,997.79,0.0
1131,"Saint Helena, Ascension and Tristan da Cunha",2019,997.79,0.0
1132,"Saint Helena, Ascension and Tristan da Cunha",2020,997.79,0.0
1133,"Saint Helena, Ascension and Tristan da Cunha",2021,997.79,0.0
1134,Saint Kitts and Nevis,2015,104186.0,2216.723404255319
1135,Saint Kitts and Nevis,2016,105429.0,2243.1702127659573
1136,Saint Kitts and Nevis,2017,106559.0,2267.2127659574467
1137,Saint Kitts and Nevis,2018,107915.0,2296.0638297872338
1138,Saint Kitts and Nevis,2019,107915.0,2296.0638297872338
1139,Saint Kitts and Nevis,2020,107915.0,2296.0638297872338
1140,Saint Kitts and Nevis,2021,107915.0,2296.0638297872338
1141,Saint Lucia,2015,95937.0,548.2114285714285
1142,Saint Lucia,2016,97293.0,552.8011363636364
1143,Saint Lucia,2017,98762.0,557.9774011299435
1144,Saint Lucia,2018,99666.0,563.0847457627119
1145,Saint Lucia,2019,99666.0,559.9213483146067
1146,Saint Lucia,2020,99666.0,556.7932960893854
1147,Saint Lucia,2021,99666.0,556.7932960893854
1148,Saint Pierre and Miquelon,2015,20227.0,4045.3999999999996
1149,Saint Pierre and Miquelon,2016,20227.0,4045.3999999999996
1150,Saint Pierre and Miquelon,2017,20227.0,4045.3999999999996
1151,Saint Pierre and Miquelon,2018,20227.0,4045.3999999999996
1152,Saint Pierre and Miquelon,2019,20227.0,4045.3999999999996
1153,Saint Pierre and Miquelon,2020,20227.0,4045.3999999999996
1154,Saint Pierre and Miquelon,2021,20227.0,4045.3999999999996
1155,Saint Vincent and the Grenadines,2015,114130.0,1076.698113207547
1156,Saint Vincent and the Grenadines,2016,116390.0,1108.4761904761904
1157,Saint Vincent and the Grenadines,2017,117520.0,1119.2380952380952
1158,Saint Vincent and the Grenadines,2018,119780.0,1140.7619047619048
1159,Saint Vincent and the Grenadines,2019,119780.0,1151.7307692307693
1160,Saint Vincent and the Grenadines,2020,119780.0,1151.7307692307693
1161,Saint Vincent and the Grenadines,2021,119780.0,1151.7307692307693
1162,Samoa,2015,58760.0,289.4581280788177
1163,Samoa,2016,58760.0,286.6341463414634
1164,Samoa,2017,58760.0,283.8647342995169
1165,Samoa,2018,58760.0,281.1483253588517
1166,Samoa,2019,58760.0,278.4834123222749
1167,Samoa,2020,58760.0,274.57943925233644
1168,Samoa,2021,58760.0,269.54128440366975
1169,Sao Tome and Principe,2015,50737.0,252.4228855721393
1170,Sao Tome and Principe,2016,52884.0,259.2352941176471
1171,Sao Tome and Principe,2017,55031.0,264.5721153846154
1172,Sao Tome and Principe,2018,56952.0,269.914691943128
1173,Sao Tome and Principe,2019,56952.0,266.13084112149534
1174,Sao Tome and Principe,2020,56952.0,261.2477064220183
1175,Sao Tome and Principe,2021,56952.0,255.39013452914799
1176,Saudi Arabia,2015,51528000.0,1573.4220892240985
1177,Saudi Arabia,2016,52884000.0,1582.5951639932966
1178,Saudi Arabia,2017,53788000.0,1573.0705115082033
1179,Saudi Arabia,2018,55031000.0,1571.5060825860985
1180,Saudi Arabia,2019,55031000.0,1536.0203198704887
1181,Saudi Arabia,2020,55031000.0,1528.7662860793953
1182,Saudi Arabia,2021,55031000.0,1530.7649513212796
1183,Senegal,2015,1469000.0,102.32655335748119
1184,Senegal,2016,1536800.0,104.18276727001559
1185,Senegal,2017,1615900.0,106.61080688790658
1186,Senegal,2018,1706300.0,109.56080647232568
1187,Senegal,2019,1706300.0,106.64375000000001
1188,Senegal,2020,1706300.0,103.81479678753955
1189,Senegal,2021,1706300.0,101.10808248400095
1190,Serbia,2015,4201905.0,558.8382763665381
1191,Serbia,2016,4201905.0,560.7773922327506
1192,Serbia,2017,4201905.0,562.9561897106109
1193,Serbia,2018,4201905.0,565.3040495089466
1194,Serbia,2019,4201905.0,567.7482772598298
1195,Serbia,2020,4201905.0,571.0661864637129
1196,Serbia,2021,4201905.0,575.9189967105262
1197,Seychelles,2015,195490.0,1974.6464646464647
1198,Seychelles,2016,200010.0,2000.1
1199,Seychelles,2017,203400.0,2013.8613861386139
1200,Seychelles,2018,207920.0,2018.6407766990292
1201,Seychelles,2019,207920.0,1999.2307692307693
1202,Seychelles,2020,207920.0,1980.1904761904761
1203,Seychelles,2021,207920.0,1961.5094339622642
1204,Sierra Leone,2015,801170.0,109.53923981405524
1205,Sierra Leone,2016,826030.0,110.24022420926198
1206,Sierra Leone,2017,861060.0,112.16100039077764
1207,Sierra Leone,2018,894960.0,113.84811092736294
1208,Sierra Leone,2019,894960.0,111.23042505592841
1209,Sierra Leone,2020,894960.0,108.70399611320298
1210,Sierra Leone,2021,894960.0,106.28978622327791
1211,Singapore,2015,2531200.0,448.0
1212,Singapore,2016,2576400.0,451.12939940465765
1213,Singapore,2017,2621600.0,454.823039555864
1214,Singapore,2018,2666800.0,458.68593051255596
1215,Singapore,2019,2666800.0,454.61984316399594
1216,Singapore,2020,2666800.0,451.3115586393637
1217,Singapore,2021,2666800.0,448.8806598215789
1218,Slovakia,2015,8056900.0,1485.4166666666667
1219,Slovakia,2016,7819600.0,1439.8085067206775
1220,Slovakia,2017,7887400.0,1450.1562787277076
1221,Slovakia,2018,7887400.0,1448.292324641939
1222,Slovakia,2019,7887400.0,1446.433156060884
1223,Slovakia,2020,7887400.0,1445.6378299120236
1224,Slovakia,2021,7887400.0,1448.0264365705893
1225,Slovenia,2015,1115310.0,536.2067307692308
1226,Slovenia,2016,1116440.0,534.1818181818181
1227,Slovenia,2017,1117570.0,532.6835081029552
1228,Slovenia,2018,1120960.0,532.5225653206651
1229,Slovenia,2019,1120960.0,530.7575757575758
1230,Slovenia,2020,1120960.0,529.5040151157298
1231,Slovenia,2021,1120960.0,529.0042472864559
1232,Solomon Islands,2015,329960.0,539.1503267973857
1233,Solomon Islands,2016,344650.0,548.8057324840764
1234,Solomon Islands,2017,361600.0,562.3639191290824
1235,Solomon Islands,2018,377420.0,572.7162367223066
1236,Solomon Islands,2019,377420.0,559.9703264094956
1237,Solomon Islands,2020,377420.0,546.1939218523878
1238,Solomon Islands,2021,377420.0,533.8330975954739
1239,Somalia,2015,3582100.0,260.2702899077236
1240,Somalia,2016,3717700.0,260.1245452001119
1241,Somalia,2017,3909800.0,263.0382131324004
1242,Somalia,2018,4147100.0,269.09999351112845
1243,Somalia,2019,4147100.0,259.5019085163632
1244,Somalia,2020,4147100.0,250.7770454133156
1245,Somalia,2021,4147100.0,243.01787283914445
1246,South Africa,2015,55370000.0,990.9442336602476
1247,South Africa,2016,56500000.0,1001.382439473964
1248,South Africa,2017,57630000.0,1017.460849914373
1249,South Africa,2018,58760000.0,1024.782434294285
1250,South Africa,2019,58760000.0,1011.5860691721039
1251,South Africa,2020,58760000.0,999.3027329467186
1252,South Africa,2021,58760000.0,989.3588362068965
1253,South Korea,2015,26854111.0,526.6131505667333
1254,South Korea,2016,26854111.0,523.3801282426085
1255,South Korea,2017,26854111.0,521.327696996758
1256,South Korea,2018,26854111.0,519.6631124700054
1257,South Korea,2019,26854111.0,518.3891087388761
1258,South Korea,2020,26854111.0,517.9791489854177
1259,South Korea,2021,26854111.0,518.1190623191202
1260,South Sudan,2015,320016.0,28.588172235125963
1261,South Sudan,2016,320016.0,28.918850533164647
1262,South Sudan,2017,320016.0,30.02589604053293
1263,South Sudan,2018,320016.0,30.785569985569985
1264,South Sudan,2019,320016.0,30.632334641523883
1265,South Sudan,2020,320016.0,30.17310956062606
1266,South Sudan,2021,320016.0,29.774469668775588
1267,Spain,2015,54918000.0,1182.7873618918395
1268,Spain,2016,54918000.0,1181.7184171454392
1269,Spain,2017,54918000.0,1178.902627511592
1270,Spain,2018,54918000.0,1173.6621644725594
1271,Spain,2019,54918000.0,1165.2203432984659
1272,Spain,2020,54918000.0,1159.5126997867533
1273,Spain,2021,54918000.0,1156.5092869477319
1274,Sri Lanka,2015,13560000.0,635.5455568053993
1275,Sri Lanka,2016,13786000.0,643.4539089848308
1276,Sri Lanka,2017,14012000.0,651.5391053659444
1277,Sri Lanka,2018,14238000.0,659.7775718257647
1278,Sri Lanka,2019,14238000.0,657.6747193865767
1279,Sri Lanka,2020,14238000.0,655.6758001381534
1280,Sri Lanka,2021,14238000.0,653.9291783401461
1281,Sudan,2015,15481000.0,405.5696733122004
1282,Sudan,2016,16159000.0,410.366457576758
1283,Sudan,2017,16837000.0,413.8990633988053
1284,Sudan,2018,17176000.0,408.96211814567016
1285,Sudan,2019,17176000.0,397.2982975573649
1286,Sudan,2020,17176000.0,386.49864986498653
1287,Sudan,2021,17176000.0,376.19642114024134
1288,Suriname,2015,743540.0,1293.1130434782608
1289,Suriname,2016,740150.0,1273.9242685025818
1290,Suriname,2017,746930.0,1272.4531516183988
1291,Suriname,2018,755970.0,1274.822934232715
1292,Suriname,2019,755970.0,1259.95
1293,Suriname,2020,755970.0,1245.4200988467874
1294,Suriname,2021,755970.0,1235.2450980392157
1295,Sweden,2015,3966300.0,402.7109351203168
1296,Sweden,2016,3717700.0,373.5255701798453
1297,Sweden,2017,3751600.0,372.99661960628356
1298,Sweden,2018,3830700.0,376.9631962212163
1299,Sweden,2019,3830700.0,373.10801597350735
1300,Sweden,2020,3830700.0,369.4733796296296
1301,Sweden,2021,3830700.0,365.9787904843795
1302,Syrian Arab Republic,2015,15142000.0,788.4405102837802
1303,Syrian Arab Republic,2016,15368000.0,810.3775574773255
1304,Syrian Arab Republic,2017,15594000.0,821.4718432281514
1305,Syrian Arab Republic,2018,9198200.0,475.7771685718719
1306,Syrian Arab Republic,2019,9198200.0,457.6674295949846
1307,Syrian Arab Republic,2020,9198200.0,442.8172539957635
1308,Syrian Arab Republic,2021,9198200.0,431.3543425248546
1309,Taiwan,2015,14690000.0,624.7873426335489
1310,Taiwan,2016,14803000.0,627.4052725269137
1311,Taiwan,2017,15029000.0,635.0728924572153
1312,Taiwan,2018,15142000.0,638.2028154766922
1313,Taiwan,2019,15142000.0,636.833915128065
1314,Taiwan,2020,15142000.0,635.6576130305193
1315,Taiwan,2021,15142000.0,634.6452072593152
1316,Tajikistan,2015,2000100.0,234.6433599249179
1317,Tajikistan,2016,2090500.0,239.59885386819482
1318,Tajikistan,2017,2180900.0,244.35854341736695
1319,Tajikistan,2018,2282600.0,250.06573181419807
1320,Tajikistan,2019,2282600.0,244.4682446181857
1321,Tajikistan,2020,2282600.0,239.1910300744001
1322,Tajikistan,2021,2282600.0,234.11282051282052
1323,Tanzania,2015,2101800.0,40.00228388717598
1324,Tanzania,2016,2248700.0,41.33563721255124
1325,Tanzania,2017,2406900.0,42.77640535304886
1326,Tanzania,2018,2553800.0,43.96281631950422
1327,Tanzania,2019,2553800.0,42.65432923570283
1328,Tanzania,2020,2553800.0,41.387916504602615
1329,Tanzania,2021,2553800.0,40.161665723092405
1330,Thailand,2015,43957000.0,625.3307536916379
1331,Thailand,2016,45087000.0,638.562748735961
1332,Thailand,2017,46217000.0,651.8801658720979
1333,Thailand,2018,47460000.0,667.2571597283732
1334,Thailand,2019,47460000.0,665.5728049139636
1335,Thailand,2020,47460000.0,664.0083945435467
1336,Thailand,2021,47460000.0,662.839904470608
1337,Timor-Leste,2015,176280.0,146.29045643153526
1338,Timor-Leste,2016,181930.0,148.6356209150327
1339,Timor-Leste,2017,183060.0,147.27272727272728
1340,Timor-Leste,2018,188710.0,149.65107057890563
1341,Timor-Leste,2019,188710.0,147.4296875
1342,Timor-Leste,2020,188710.0,145.27328714395688
1343,Timor-Leste,2021,188710.0,142.9621212121212
1344,Togo,2015,1243000.0,166.33212899772514
1345,Togo,2016,1310800.0,171.10037854066047
1346,Togo,2017,1367300.0,174.1339786041773
1347,Togo,2018,1435100.0,178.3619189659458
1348,Togo,2019,1435100.0,174.09923571515225
1349,Togo,2020,1435100.0,169.99526178630657
1350,Togo,2021,1435100.0,166.0226746876446
1351,Tonga,2015,69156.0,652.4150943396227
1352,Tonga,2016,70060.0,667.2380952380952
1353,Tonga,2017,70851.0,674.7714285714286
1354,Tonga,2018,71303.0,679.0761904761905
1355,Tonga,2019,71303.0,685.6057692307692
1356,Tonga,2020,71303.0,679.0761904761905
1357,Tonga,2021,71303.0,672.6698113207548
1358,Trinidad and Tobago,2015,6847800.0,4690.273972602739
1359,Trinidad and Tobago,2016,6791300.0,4623.076923076923
1360,Trinidad and Tobago,2017,6768700.0,4579.634641407308
1361,Trinidad and Tobago,2018,6791300.0,4515.492021276596
1362,Trinidad and Tobago,2019,6791300.0,4470.901909150757
1363,Trinidad and Tobago,2020,6791300.0,4473.847167325428
1364,Trinidad and Tobago,2021,6791300.0,4453.311475409836
1365,Tunisia,2015,9254700.0,800.7874015748032
1366,Tunisia,2016,9401600.0,804.5870774497218
1367,Tunisia,2017,9571100.0,810.3547540428414
1368,Tunisia,2018,9740600.0,816.2741976032851
1369,Tunisia,2019,9740600.0,808.4156361523777
1370,Tunisia,2020,9740600.0,800.9703149412055
1371,Tunisia,2021,9740600.0,794.3728592399282
1372,Turkey,2015,178540000.0,2241.6693870376416
1373,Turkey,2016,180800000.0,2231.5753094953034
1374,Turkey,2017,184190000.0,2243.7841854572475
1375,Turkey,2018,186450000.0,2251.5668586747815
1376,Turkey,2019,186450000.0,2233.442340173213
1377,Turkey,2020,186450000.0,2216.0812979140665
1378,Turkey,2021,186450000.0,2199.3512238277794
1379,Turkmenistan,2015,3107500.0,538.935137010059
1380,Turkmenistan,2016,3220500.0,548.8241308793456
1381,Turkmenistan,2017,3344800.0,560.455764075067
1382,Turkmenistan,2018,3457800.0,570.1236603462489
1383,Turkmenistan,2019,3457800.0,561.5134784020786
1384,Turkmenistan,2020,3457800.0,553.248
1385,Turkmenistan,2021,3457800.0,545.3083109919571
1386,Turks and Caicos Islands,2015,26781.0,743.9166666666667
1387,Turks and Caicos Islands,2016,21244.0,559.0526315789473
1388,Turks and Caicos Islands,2017,19436.0,498.35897435897436
1389,Turks and Caicos Islands,2018,19436.0,474.04878048780483
1390,Turks and Caicos Islands,2019,19436.0,452.0
1391,Turks and Caicos Islands,2020,19436.0,441.72727272727275
1392,Turks and Caicos Islands,2021,19436.0,431.9111111111111
1393,Tuvalu,2015,4486.1,448.61
1394,Tuvalu,2016,4633.0,463.3
1395,Tuvalu,2017,4768.6,476.86
1396,Tuvalu,2018,4904.2,490.41999999999996
1397,Tuvalu,2019,4904.2,490.42
1398,Tuvalu,2020,4904.2,445.83636363636367
1399,Tuvalu,2021,4904.2,445.83636363636367
1400,Uganda,2015,1344700.0,35.880673479734234
1401,Uganda,2016,1435100.0,37.036750283885624
1402,Uganda,2017,1525500.0,38.01679667057094
1403,Uganda,2018,1638500.0,39.46766229073829
1404,Uganda,2019,1638500.0,38.14989871708305
1405,Uganda,2020,1638500.0,36.89982884424826
1406,Uganda,2021,1638500.0,35.733757878437615
1407,Ukraine,2015,25877000.0,575.274554266151
1408,Ukraine,2016,25764000.0,574.6659826467111
1409,Ukraine,2017,25651000.0,574.4004299437938
1410,Ukraine,2018,25538000.0,574.5848895288665
1411,Ukraine,2019,25538000.0,577.6390491054262
1412,Ukraine,2020,25538000.0,581.6119702111184
1413,Ukraine,2021,25538000.0,586.6623785348372
1414,United Arab Emirates,2015,21131000.0,2370.008972633468
1415,United Arab Emirates,2016,21583000.0,2399.710918390038
1416,United Arab Emirates,2017,21922000.0,2417.512130569034
1417,United Arab Emirates,2018,22374000.0,2447.9212253829323
1418,United Arab Emirates,2019,22374000.0,2429.052220171534
1419,United Arab Emirates,2020,22374000.0,2409.1741143533973
1420,United Arab Emirates,2021,22374000.0,2389.108382274426
1421,United Kingdom of Great Britain and Northern Ireland,2015,32022279.0,490.9585275358764
1422,United Kingdom of Great Britain and Northern Ireland,2016,32022279.0,487.7355723098012
1423,United Kingdom of Great Britain and Northern Ireland,2017,32022279.0,484.7160178009203
1424,United Kingdom of Great Britain and Northern Ireland,2018,32022279.0,482.03093388728325
1425,United Kingdom of Great Britain and Northern Ireland,2019,32022279.0,479.5333642816496
1426,United Kingdom of Great Britain and Northern Ireland,2020,32022279.0,477.52395651590393
1427,United Kingdom of Great Britain and Northern Ireland,2021,32022279.0,475.9483212199581
1428,United States of America,2015,627625504.0,1933.4934366788145
1429,United States of America,2016,627625504.0,1918.1122337336878
1430,United States of America,2017,627625504.0,1903.1007638170843
1431,United States of America,2018,627625504.0,1889.6414283133618
1432,United States of America,2019,627625504.0,1877.325261202624
1433,United States of America,2020,627625504.0,1868.255544111781
1434,United States of America,2021,627625504.0,1862.4067988735803
1435,Uruguay,2015,656530.0,192.9835390946502
1436,Uruguay,2016,661050.0,193.68590682683856
1437,Uruguay,2017,667830.0,195.15780245470484
1438,Uruguay,2018,672350.0,196.19200466880653
1439,Uruguay,2019,672350.0,196.13477246207702
1440,Uruguay,2020,672350.0,196.07757363662876
1441,Uruguay,2021,672350.0,196.24927028604787
1442,Uzbekistan,2015,18080000.0,584.1868881062393
1443,Uzbekistan,2016,18645000.0,592.7892410898801
1444,Uzbekistan,2017,18984000.0,594.271403975583
1445,Uzbekistan,2018,19436000.0,598.9706924712626
1446,Uzbekistan,2019,19436000.0,589.3983503153809
1447,Uzbekistan,2020,19436000.0,579.7291654238502
1448,Uzbekistan,2021,19436000.0,570.2884305037998
1449,Vanuatu,2015,161590.0,585.4710144927536
1450,Vanuatu,2016,166110.0,586.9611307420495
1451,Vanuatu,2017,171760.0,592.2758620689656
1452,Vanuatu,2018,177410.0,597.3400673400673
1453,Vanuatu,2019,177410.0,583.5855263157895
1454,Vanuatu,2020,177410.0,570.4501607717042
1455,Vanuatu,2021,177410.0,556.1442006269592
1456,Venezuela,2015,30962000.0,1014.183235612041
1457,Venezuela,2016,30171000.0,981.4579877037181
1458,Venezuela,2017,29267000.0,957.5957857540163
1459,Venezuela,2018,28250000.0,947.1919530595138
1460,Venezuela,2019,28250000.0,975.1130440785613
1461,Venezuela,2020,28250000.0,991.5759915759916
1462,Venezuela,2021,28250000.0,1001.808574772155
1463,Viet Nam,2015,27007000.0,292.94616611165947
1464,Viet Nam,2016,28250000.0,303.3524472220432
1465,Viet Nam,2017,29606000.0,314.846915444578
1466,Viet Nam,2018,30962000.0,326.21109636091614
1467,Viet Nam,2019,30962000.0,323.2751419979953
1468,Viet Nam,2020,30962000.0,320.35841403857296
1469,Viet Nam,2021,30962000.0,317.66323306110723
1470,"Virgin Islands, British",2015,9842.3,339.38965517241377
1471,"Virgin Islands, British",2016,9966.6,343.6758620689655
1472,"Virgin Islands, British",2017,10181.3,339.37666666666667
1473,"Virgin Islands, British",2018,10090.9,336.36333333333334
1474,"Virgin Islands, British",2019,10090.9,336.36333333333334
1475,"Virgin Islands, British",2020,10090.9,336.36333333333334
1476,"Virgin Islands, British",2021,10090.9,325.51290322580644
1477,"Virgin Islands, US",2015,103621.0,1015.8921568627451
1478,"Virgin Islands, US",2016,103847.0,1018.1078431372549
1479,"Virgin Islands, US",2017,103734.0,1027.069306930693
1480,"Virgin Islands, US",2018,103508.0,1024.8316831683169
1481,"Virgin Islands, US",2019,103508.0,1035.0800000000002
1482,"Virgin Islands, US",2020,103508.0,1035.0800000000002
1483,"Virgin Islands, US",2021,103508.0,1035.0800000000002
1484,Western Sahara,2015,525450.0,1070.162932790224
1485,Western Sahara,2016,523190.0,1036.019801980198
1486,Western Sahara,2017,523190.0,1010.019305019305
1487,Western Sahara,2018,523190.0,983.4398496240601
1488,Western Sahara,2019,523190.0,961.7463235294117
1489,Western Sahara,2020,523190.0,940.9892086330935
1490,Western Sahara,2021,523190.0,926.0
1491,Yemen,2015,10881900.0,381.60681722541733
1492,Yemen,2016,10712400.0,365.9356425497028
1493,Yemen,2017,10791500.0,359.30944929080374
1494,Yemen,2018,11028800.0,358.194218902241
1495,Yemen,2019,11028800.0,349.61009319723576
1496,Yemen,2020,11028800.0,341.61813901623094
1497,Yemen,2021,11028800.0,334.3985931293775
1498,Zambia,2015,653140.0,40.198178237321514
1499,Zambia,2016,682520.0,40.70614898312161
1500,Zambia,2017,711900.0,41.15504682622269
1501,Zambia,2018,743540.0,41.689935520044855
1502,Zambia,2019,743540.0,40.4537540805223
1503,Zambia,2020,743540.0,39.28461985523327
1504,Zambia,2021,743540.0,38.183125353052944
1505,Zimbabwe,2015,2757200.0,194.80005652112476
1506,Zimbabwe,2016,2802400.0,193.91087738721285
1507,Zimbabwe,2017,2892800.0,196.1087383906176
1508,Zimbabwe,2018,2960600.0,196.69146957214988
1509,Zimbabwe,2019,2960600.0,192.82271720724242
1510,Zimbabwe,2020,2960600.0,188.946327142766
1511,Zimbabwe,2021,2960600.0,185.11848933908584
