,Unnamed: 0,LocID,Country,Year,Total population,Population density
0,221597,108,Burundi,2015,10727,413.378
1,221598,108,Burundi,2016,10903,420.167
2,221599,108,Burundi,2017,11155,429.888
3,221600,108,Burundi,2018,11493,442.908
4,221601,108,Burundi,2019,11874,457.605
5,221602,108,Burundi,2020,12220,470.914
6,221603,108,Burundi,2021,12551,483.669
7,222854,174,Comoros,2015,730,392.378
8,222855,174,Comoros,2016,746,400.984
9,222856,174,Comoros,2017,761,409.277
10,222857,174,Comoros,2018,776,417.149
11,222858,174,Comoros,2019,790,425.033
12,222859,174,Comoros,2020,806,433.19
13,222860,174,Comoros,2021,821,441.497
14,224111,262,Djibouti,2015,1006,43.411
15,224112,262,Djibouti,2016,1023,44.144
16,224113,262,Djibouti,2017,1040,44.876
17,224114,262,Djibouti,2018,1057,45.608
18,224115,262,Djibouti,2019,1073,46.333
19,224116,262,Djibouti,2020,1090,47.03
20,224117,262,Djibouti,2021,1105,47.694
21,225368,232,Eritrea,2015,3340,27.571
22,225369,232,Eritrea,2016,3365,27.779
23,225370,232,Eritrea,2017,3396,28.04
24,225371,232,Eritrea,2018,3445,28.44
25,225372,232,Eritrea,2019,3498,28.881
26,225373,232,Eritrea,2020,3555,29.352
27,225374,232,Eritrea,2021,3620,29.884
28,226625,231,Ethiopia,2015,102471,102.472
29,226626,231,Ethiopia,2016,105293,105.293
30,226627,231,Ethiopia,2017,108197,108.198
31,226628,231,Ethiopia,2018,111129,111.129
32,226629,231,Ethiopia,2019,114120,114.121
33,226630,231,Ethiopia,2020,117190,117.191
34,226631,231,Ethiopia,2021,120283,120.283
35,227882,404,Kenya,2015,46851,80.677
36,227883,404,Kenya,2016,47894,82.473
37,227884,404,Kenya,2017,48948,84.288
38,227885,404,Kenya,2018,49953,86.018
39,227886,404,Kenya,2019,50951,87.737
40,227887,404,Kenya,2020,51985,89.518
41,227888,404,Kenya,2021,53005,91.274
42,229139,450,Madagascar,2015,24850,42.714
43,229140,450,Madagascar,2016,25501,43.833
44,229141,450,Madagascar,2017,26169,44.981
45,229142,450,Madagascar,2018,26846,46.144
46,229143,450,Madagascar,2019,27533,47.324
47,229144,450,Madagascar,2020,28225,48.514
48,229145,450,Madagascar,2021,28915,49.701
49,230396,454,Malawi,2015,16938,179.149
50,230397,454,Malawi,2016,17405,184.085
51,230398,454,Malawi,2017,17881,189.115
52,230399,454,Malawi,2018,18367,194.262
53,230400,454,Malawi,2019,18867,199.545
54,230401,454,Malawi,2020,19377,204.936
55,230402,454,Malawi,2021,19889,210.358
56,231653,480,Mauritius,2015,1293,637.021
57,231654,480,Mauritius,2016,1293,637.395
58,231655,480,Mauritius,2017,1294,637.803
59,231656,480,Mauritius,2018,1295,638.119
60,231657,480,Mauritius,2019,1296,638.561
61,231658,480,Mauritius,2020,1297,639.324
62,231659,480,Mauritius,2021,1298,639.859
63,232910,175,Mayotte,2015,249,665.453
64,232911,175,Mayotte,2016,260,694.088
65,232912,175,Mayotte,2017,271,724.173
66,232913,175,Mayotte,2018,282,754.545
67,232914,175,Mayotte,2019,294,785.304
68,232915,175,Mayotte,2020,305,814.897
69,232916,175,Mayotte,2021,316,842.704
70,234167,508,Mozambique,2015,26843,34.135
71,234168,508,Mozambique,2016,27696,35.22
72,234169,508,Mozambique,2017,28569,36.33
73,234170,508,Mozambique,2018,29423,37.417
74,234171,508,Mozambique,2019,30285,38.513
75,234172,508,Mozambique,2020,31178,39.648
76,234173,508,Mozambique,2021,32077,40.791
77,235424,638,Réunion,2015,922,368.998
78,235425,638,Réunion,2016,926,370.651
79,235426,638,Réunion,2017,932,373.096
80,235427,638,Réunion,2018,941,376.475
81,235428,638,Réunion,2019,949,379.768
82,235429,638,Réunion,2020,957,383.129
83,235430,638,Réunion,2021,966,386.452
84,236681,646,Rwanda,2015,11642,480.915
85,236682,646,Rwanda,2016,11930,492.809
86,236683,646,Rwanda,2017,12230,505.177
87,236684,646,Rwanda,2018,12531,517.629
88,236685,646,Rwanda,2019,12835,530.154
89,236686,646,Rwanda,2020,13146,543.014
90,236687,646,Rwanda,2021,13461,556.047
91,237938,690,Seychelles,2015,99,217.155
92,237939,690,Seychelles,2016,100,219.931
93,237940,690,Seychelles,2017,101,222.78
94,237941,690,Seychelles,2018,103,225.604
95,237942,690,Seychelles,2019,104,228.386
96,237943,690,Seychelles,2020,105,230.919
97,237944,690,Seychelles,2021,106,232.977
98,239195,706,Somalia,2015,13763,21.94
99,239196,706,Somalia,2016,14292,22.783
100,239197,706,Somalia,2017,14864,23.694
101,239198,706,Somalia,2018,15411,24.566
102,239199,706,Somalia,2019,15981,25.475
103,239200,706,Somalia,2020,16537,26.361
104,239201,706,Somalia,2021,17065,27.203
105,240452,728,South Sudan,2015,11194,19.843
106,240453,728,South Sudan,2016,11066,19.615
107,240454,728,South Sudan,2017,10658,18.892
108,240455,728,South Sudan,2018,10395,18.426
109,240456,728,South Sudan,2019,10447,18.519
110,240457,728,South Sudan,2020,10606,18.8
111,240458,728,South Sudan,2021,10748,19.052
112,241709,800,Uganda,2015,37477,187.568
113,241710,800,Uganda,2016,38748,193.929
114,241711,800,Uganda,2017,40127,200.829
115,241712,800,Uganda,2018,41515,207.777
116,241713,800,Uganda,2019,42949,214.953
117,241714,800,Uganda,2020,44404,222.238
118,241715,800,Uganda,2021,45853,229.49
119,242966,834,Tanzania,2015,52542,59.317
120,242967,834,Tanzania,2016,54401,61.415
121,242968,834,Tanzania,2017,56267,63.521
122,242969,834,Tanzania,2018,58090,65.579
123,242970,834,Tanzania,2019,59872,67.591
124,242971,834,Tanzania,2020,61704,69.659
125,242972,834,Tanzania,2021,63588,71.786
126,244223,894,Zambia,2015,16248,21.857
127,244224,894,Zambia,2016,16767,22.556
128,244225,894,Zambia,2017,17298,23.269
129,244226,894,Zambia,2018,17835,23.993
130,244227,894,Zambia,2019,18380,24.725
131,244228,894,Zambia,2020,18927,25.461
132,244229,894,Zambia,2021,19473,26.195
133,245480,716,Zimbabwe,2015,14154,36.59
134,245481,716,Zimbabwe,2016,14452,37.36
135,245482,716,Zimbabwe,2017,14751,38.131
136,245483,716,Zimbabwe,2018,15052,38.91
137,245484,716,Zimbabwe,2019,15354,39.691
138,245485,716,Zimbabwe,2020,15669,40.506
139,245486,716,Zimbabwe,2021,15993,41.343
140,246737,911,Middle Africa,2015,157397,24.252
141,246738,911,Middle Africa,2016,162670,25.064
142,246739,911,Middle Africa,2017,168078,25.898
143,246740,911,Middle Africa,2018,173483,26.73
144,246741,911,Middle Africa,2019,178960,27.574
145,246742,911,Middle Africa,2020,184569,28.438
146,246743,911,Middle Africa,2021,190267,29.316
147,247994,24,Angola,2015,28127,22.562
148,247995,24,Angola,2016,29154,23.386
149,247996,24,Angola,2017,30208,24.231
150,247997,24,Angola,2018,31273,25.085
151,247998,24,Angola,2019,32353,25.951
152,247999,24,Angola,2020,33428,26.814
153,248000,24,Angola,2021,34503,27.676
154,249251,120,Cameroon,2015,23012,49.378
155,249252,120,Cameroon,2016,23711,50.878
156,249253,120,Cameroon,2017,24393,52.34
157,249254,120,Cameroon,2018,25076,53.807
158,249255,120,Cameroon,2019,25782,55.321
159,249256,120,Cameroon,2020,26491,56.842
160,249257,120,Cameroon,2021,27198,58.36
161,250508,140,Central African Republic,2015,4819,7.736
162,250509,140,Central African Republic,2016,4904,7.872
163,250510,140,Central African Republic,2017,4996,8.021
164,250511,140,Central African Republic,2018,5094,8.178
165,250512,140,Central African Republic,2019,5209,8.362
166,250513,140,Central African Republic,2020,5343,8.577
167,250514,140,Central African Republic,2021,5457,8.76
168,251765,148,Chad,2015,14140,11.23
169,251766,148,Chad,2016,14592,11.589
170,251767,148,Chad,2017,15085,11.981
171,251768,148,Chad,2018,15604,12.392
172,251769,148,Chad,2019,16126,12.807
173,251770,148,Chad,2020,16644,13.218
174,251771,148,Chad,2021,17179,13.643
175,253022,178,Congo,2015,5064,14.83
176,253023,178,Congo,2016,5186,15.188
177,253024,178,Congo,2017,5312,15.556
178,253025,178,Congo,2018,5441,15.933
179,253026,178,Congo,2019,5570,16.313
180,253027,178,Congo,2020,5702,16.697
181,253028,178,Congo,2021,5835,17.089
182,254279,180,Democratic Republic of the Congo,2015,78656,34.696
183,254280,180,Democratic Republic of the Congo,2016,81430,35.919
184,254281,180,Democratic Republic of the Congo,2017,84283,37.178
185,254282,180,Democratic Republic of the Congo,2018,87087,38.414
186,254283,180,Democratic Republic of the Congo,2019,89906,39.658
187,254284,180,Democratic Republic of the Congo,2020,92853,40.958
188,254285,180,Democratic Republic of the Congo,2021,95894,42.299
189,255536,226,Equatorial Guinea,2015,1346,48.02
190,255537,226,Equatorial Guinea,2016,1398,49.873
191,255538,226,Equatorial Guinea,2017,1450,51.718
192,255539,226,Equatorial Guinea,2018,1502,53.55
193,255540,226,Equatorial Guinea,2019,1553,55.367
194,255541,226,Equatorial Guinea,2020,1596,56.9
195,255542,226,Equatorial Guinea,2021,1634,58.27
196,256793,266,Gabon,2015,2028,7.873
197,256794,266,Gabon,2016,2086,8.096
198,256795,266,Gabon,2017,2140,8.306
199,256796,266,Gabon,2018,2192,8.507
200,256797,266,Gabon,2019,2242,8.704
201,256798,266,Gabon,2020,2292,8.897
202,256799,266,Gabon,2021,2341,9.086
203,258050,678,Sao Tome and Principe,2015,201,209.504
204,258051,678,Sao Tome and Principe,2016,204,213.159
205,258052,678,Sao Tome and Principe,2017,208,216.705
206,258053,678,Sao Tome and Principe,2018,211,220.15
207,258054,678,Sao Tome and Principe,2019,214,223.541
208,258055,678,Sao Tome and Principe,2020,218,227.751
209,258056,678,Sao Tome and Principe,2021,223,232.404
210,259307,912,Northern Africa,2015,228360,29.711
211,259308,912,Northern Africa,2016,233081,30.325
212,259309,912,Northern Africa,2017,237842,30.944
213,259310,912,Northern Africa,2018,242537,31.555
214,259311,912,Northern Africa,2019,247023,32.139
215,259312,912,Northern Africa,2020,251417,32.71
216,259313,912,Northern Africa,2021,255737,33.272
217,260564,12,Algeria,2015,39543,16.603
218,260565,12,Algeria,2016,40339,16.937
219,260566,12,Algeria,2017,41136,17.272
220,260567,12,Algeria,2018,41927,17.604
221,260568,12,Algeria,2019,42705,17.93
222,260569,12,Algeria,2020,43451,18.244
223,260570,12,Algeria,2021,44177,18.549
224,261821,818,Egypt,2015,97723,98.17
225,261822,818,Egypt,2016,99784,100.24
226,261823,818,Egypt,2017,101789,102.255
227,261824,818,Egypt,2018,103740,104.215
228,261825,818,Egypt,2019,105618,106.101
229,261826,818,Egypt,2020,107465,107.956
230,261827,818,Egypt,2021,109262,109.762
231,263078,434,Libya,2015,6192,3.694
232,263079,434,Libya,2016,6282,3.748
233,263080,434,Libya,2017,6378,3.805
234,263081,434,Libya,2018,6477,3.865
235,263082,434,Libya,2019,6569,3.919
236,263083,434,Libya,2020,6653,3.97
237,263084,434,Libya,2021,6735,4.018
238,264335,504,Morocco,2015,34680,77.707
239,264336,504,Morocco,2016,35107,78.663
240,264337,504,Morocco,2017,35528,79.606
241,264338,504,Morocco,2018,35927,80.501
242,264339,504,Morocco,2019,36304,81.345
243,264340,504,Morocco,2020,36688,82.207
244,264341,504,Morocco,2021,37076,83.075
245,265592,729,Sudan,2015,38171,21.626
246,265593,729,Sudan,2016,39377,22.309
247,265594,729,Sudan,2017,40679,23.047
248,265595,729,Sudan,2018,41999,23.795
249,265596,729,Sudan,2019,43232,24.493
250,265597,729,Sudan,2020,44440,25.178
251,265598,729,Sudan,2021,45657,25.867
252,266849,788,Tunisia,2015,11557,74.36
253,266850,788,Tunisia,2016,11685,75.183
254,266851,788,Tunisia,2017,11811,75.992
255,266852,788,Tunisia,2018,11933,76.774
256,266853,788,Tunisia,2019,12049,77.522
257,266854,788,Tunisia,2020,12161,78.246
258,266855,788,Tunisia,2021,12262,78.897
259,268106,732,Western Sahara,2015,491,1.849
260,268107,732,Western Sahara,2016,505,1.9
261,268108,732,Western Sahara,2017,518,1.951
262,268109,732,Western Sahara,2018,532,2.0
263,268110,732,Western Sahara,2019,544,2.048
264,268111,732,Western Sahara,2020,556,2.09
265,268112,732,Western Sahara,2021,565,2.126
266,269363,913,Southern Africa,2015,63716,23.967
267,269364,913,Southern Africa,2016,64384,24.218
268,269365,913,Southern Africa,2017,64729,24.348
269,269366,913,Southern Africa,2018,65555,24.658
270,269367,913,Southern Africa,2019,66428,24.987
271,269368,913,Southern Africa,2020,67272,25.304
272,269369,913,Southern Africa,2021,67984,25.572
273,270620,72,Botswana,2015,2305,4.067
274,270621,72,Botswana,2016,2352,4.151
275,270622,72,Botswana,2017,2401,4.238
276,270623,72,Botswana,2018,2451,4.326
277,270624,72,Botswana,2019,2499,4.411
278,270625,72,Botswana,2020,2546,4.493
279,270626,72,Botswana,2021,2588,4.567
280,271877,748,Eswatini,2015,1133,65.308
281,271878,748,Eswatini,2016,1142,65.802
282,271879,748,Eswatini,2017,1151,66.313
283,271880,748,Eswatini,2018,1160,66.833
284,271881,748,Eswatini,2019,1169,67.362
285,271882,748,Eswatini,2020,1180,67.998
286,271883,748,Eswatini,2021,1192,68.667
287,273134,426,Lesotho,2015,2118,69.78
288,273135,426,Lesotho,2016,2143,70.615
289,273136,426,Lesotho,2017,2170,71.496
290,273137,426,Lesotho,2018,2198,72.398
291,273138,426,Lesotho,2019,2225,73.31
292,273139,426,Lesotho,2020,2254,74.246
293,273140,426,Lesotho,2021,2281,75.147
294,274391,516,Namibia,2015,2282,2.773
295,274392,516,Namibia,2016,2323,2.822
296,274393,516,Namibia,2017,2364,2.872
297,274394,516,Namibia,2018,2405,2.922
298,274395,516,Namibia,2019,2446,2.972
299,274396,516,Namibia,2020,2489,3.023
300,274397,516,Namibia,2021,2530,3.073
301,275648,710,South Africa,2015,55876,45.77
302,275649,710,South Africa,2016,56422,46.217
303,275650,710,South Africa,2017,56641,46.396
304,275651,710,South Africa,2018,57339,46.968
305,275652,710,South Africa,2019,58087,47.581
306,275653,710,South Africa,2020,58801,48.166
307,275654,710,South Africa,2021,59392,48.65
308,276905,914,Western Africa,2015,358283,59.087
309,276906,914,Western Africa,2016,367903,60.674
310,276907,914,Western Africa,2017,377765,62.3
311,276908,914,Western Africa,2018,387741,63.946
312,276909,914,Western Africa,2019,397826,65.609
313,276910,914,Western Africa,2020,408124,67.307
314,276911,914,Western Africa,2021,418544,69.025
315,278162,204,Benin,2015,10932,96.956
316,278163,204,Benin,2016,11260,99.859
317,278164,204,Benin,2017,11596,102.845
318,278165,204,Benin,2018,11940,105.895
319,278166,204,Benin,2019,12290,108.996
320,278167,204,Benin,2020,12643,112.124
321,278168,204,Benin,2021,12996,115.262
322,279419,854,Burkina Faso,2015,18718,68.414
323,279420,854,Burkina Faso,2016,19275,70.451
324,279421,854,Burkina Faso,2017,19835,72.499
325,279422,854,Burkina Faso,2018,20392,74.535
326,279423,854,Burkina Faso,2019,20951,76.578
327,279424,854,Burkina Faso,2020,21522,78.665
328,279425,854,Burkina Faso,2021,22100,80.777
329,280676,132,Cabo Verde,2015,552,137.014
330,280677,132,Cabo Verde,2016,558,138.559
331,280678,132,Cabo Verde,2017,564,140.187
332,280679,132,Cabo Verde,2018,571,141.737
333,280680,132,Cabo Verde,2019,577,143.184
334,280681,132,Cabo Verde,2020,582,144.576
335,280682,132,Cabo Verde,2021,587,145.887
336,281933,384,Côte d'Ivoire,2015,23596,74.204
337,281934,384,Côte d'Ivoire,2016,24213,76.143
338,281935,384,Côte d'Ivoire,2017,24848,78.138
339,281936,384,Côte d'Ivoire,2018,25493,80.17
340,281937,384,Côte d'Ivoire,2019,26147,82.225
341,281938,384,Côte d'Ivoire,2020,26811,84.314
342,281939,384,Côte d'Ivoire,2021,27478,86.41
343,283190,270,Gambia,2015,2253,222.642
344,283191,270,Gambia,2016,2317,228.973
345,283192,270,Gambia,2017,2381,235.295
346,283193,270,Gambia,2018,2444,241.592
347,283194,270,Gambia,2019,2508,247.913
348,283195,270,Gambia,2020,2573,254.347
349,283196,270,Gambia,2021,2639,260.861
350,284447,288,Ghana,2015,28870,126.883
351,284448,288,Ghana,2016,29554,129.886
352,284449,288,Ghana,2017,30222,132.822
353,284450,288,Ghana,2018,30870,135.671
354,284451,288,Ghana,2019,31522,138.535
355,284452,288,Ghana,2020,32180,141.427
356,284453,288,Ghana,2021,32833,144.296
357,285704,324,Guinea,2015,11625,47.314
358,285705,324,Guinea,2016,11930,48.555
359,285706,324,Guinea,2017,12240,49.816
360,285707,324,Guinea,2018,12554,51.094
361,285708,324,Guinea,2019,12877,52.407
362,285709,324,Guinea,2020,13205,53.741
363,285710,324,Guinea,2021,13531,55.07
364,286961,624,Guinea-Bissau,2015,1788,63.617
365,286962,624,Guinea-Bissau,2016,1834,65.24
366,286963,624,Guinea-Bissau,2017,1879,66.85
367,286964,624,Guinea-Bissau,2018,1924,68.455
368,286965,624,Guinea-Bissau,2019,1970,70.073
369,286966,624,Guinea-Bissau,2020,2015,71.687
370,286967,624,Guinea-Bissau,2021,2060,73.283
371,288218,430,Liberia,2015,4612,47.885
372,288219,430,Liberia,2016,4706,48.859
373,288220,430,Liberia,2017,4796,49.799
374,288221,430,Liberia,2018,4889,50.762
375,288222,430,Liberia,2019,4985,51.758
376,288223,430,Liberia,2020,5087,52.82
377,288224,430,Liberia,2021,5193,53.918
378,289475,466,Mali,2015,18112,14.844
379,289476,466,Mali,2016,18700,15.326
380,289477,466,Mali,2017,19311,15.827
381,289478,466,Mali,2018,19934,16.337
382,289479,466,Mali,2019,20567,16.856
383,289480,466,Mali,2020,21224,17.394
384,289481,466,Mali,2021,21904,17.952
385,290732,478,Mauritania,2015,3946,3.829
386,290733,478,Mauritania,2016,4051,3.931
387,290734,478,Mauritania,2017,4160,4.036
388,290735,478,Mauritania,2018,4270,4.144
389,290736,478,Mauritania,2019,4383,4.253
390,290737,478,Mauritania,2020,4498,4.365
391,290738,478,Mauritania,2021,4614,4.478
392,291989,562,Niger,2015,20128,15.89
393,291990,562,Niger,2016,20921,16.517
394,291991,562,Niger,2017,21737,17.161
395,291992,562,Niger,2018,22577,17.824
396,291993,562,Niger,2019,23443,18.507
397,291994,562,Niger,2020,24333,19.21
398,291995,562,Niger,2021,25252,19.936
399,293246,566,Nigeria,2015,183995,202.022
400,293247,566,Nigeria,2016,188666,207.151
401,293248,566,Nigeria,2017,193495,212.453
402,293249,566,Nigeria,2018,198387,217.824
403,293250,566,Nigeria,2019,203304,223.223
404,293251,566,Nigeria,2020,208327,228.738
405,293252,566,Nigeria,2021,213401,234.309
406,294503,654,Saint Helena,2015,5,14.095
407,294504,654,Saint Helena,2016,5,14.128
408,294505,654,Saint Helena,2017,5,14.09
409,294506,654,Saint Helena,2018,5,14.031
410,294507,654,Saint Helena,2019,5,13.965
411,294508,654,Saint Helena,2020,5,13.899
412,294509,654,Saint Helena,2021,5,13.855
413,295760,686,Senegal,2015,14356,74.566
414,295761,686,Senegal,2016,14751,76.618
415,295762,686,Senegal,2017,15157,78.73
416,295763,686,Senegal,2018,15574,80.896
417,295764,686,Senegal,2019,16000,83.108
418,295765,686,Senegal,2020,16436,85.369
419,295766,686,Senegal,2021,16876,87.658
420,297017,694,Sierra Leone,2015,7314,101.962
421,297018,694,Sierra Leone,2016,7493,104.459
422,297019,694,Sierra Leone,2017,7677,107.019
423,297020,694,Sierra Leone,2018,7861,109.58
424,297021,694,Sierra Leone,2019,8046,112.167
425,297022,694,Sierra Leone,2020,8233,114.775
426,297023,694,Sierra Leone,2021,8420,117.377
427,298274,768,Togo,2015,7473,137.401
428,298275,768,Togo,2016,7661,140.86
429,298276,768,Togo,2017,7852,144.379
430,298277,768,Togo,2018,8046,147.944
431,298278,768,Togo,2019,8243,151.555
432,298279,768,Togo,2020,8442,155.223
433,298280,768,Togo,2021,8644,158.942
434,299531,935,Asia,2015,4459437,142.185
435,299532,935,Asia,2016,4504153,143.611
436,299533,935,Asia,2017,4548303,145.019
437,299534,935,Asia,2018,4590021,146.349
438,299535,935,Asia,2019,4628967,147.591
439,299536,935,Asia,2020,4664324,148.718
440,299537,935,Asia,2021,4694576,149.683
441,300788,5500,Central Asia,2015,68990,17.555
442,300789,5500,Central Asia,2016,70144,17.849
443,300790,5500,Central Asia,2017,71275,18.137
444,300791,5500,Central Asia,2018,72404,18.424
445,300792,5500,Central Asia,2019,73550,18.715
446,300793,5500,Central Asia,2020,74724,19.014
447,300794,5500,Central Asia,2021,75897,19.313
448,302045,398,Kazakhstan,2015,17835,6.607
449,302046,398,Kazakhstan,2016,18078,6.697
450,302047,398,Kazakhstan,2017,18314,6.784
451,302048,398,Kazakhstan,2018,18538,6.867
452,302049,398,Kazakhstan,2019,18754,6.947
453,302050,398,Kazakhstan,2020,18979,7.03
454,302051,398,Kazakhstan,2021,19196,7.111
455,303302,417,Kyrgyzstan,2015,5914,30.839
456,303303,417,Kyrgyzstan,2016,6018,31.378
457,303304,417,Kyrgyzstan,2017,6121,31.915
458,303305,417,Kyrgyzstan,2018,6223,32.448
459,303306,417,Kyrgyzstan,2019,6323,32.97
460,303307,417,Kyrgyzstan,2020,6424,33.498
461,303308,417,Kyrgyzstan,2021,6527,34.034
462,304559,762,Tajikistan,2015,8524,59.567
463,304560,762,Tajikistan,2016,8725,60.974
464,304561,762,Tajikistan,2017,8925,62.373
465,304562,762,Tajikistan,2018,9128,63.788
466,304563,762,Tajikistan,2019,9337,65.248
467,304564,762,Tajikistan,2020,9543,66.689
468,304565,762,Tajikistan,2021,9750,68.135
469,305816,795,Turkmenistan,2015,5766,12.271
470,305817,795,Turkmenistan,2016,5868,12.488
471,305818,795,Turkmenistan,2017,5968,12.701
472,305819,795,Turkmenistan,2018,6065,12.906
473,305820,795,Turkmenistan,2019,6158,13.105
474,305821,795,Turkmenistan,2020,6250,13.301
475,305822,795,Turkmenistan,2021,6341,13.495
476,307073,860,Uzbekistan,2015,30949,72.754
477,307074,860,Uzbekistan,2016,31453,73.939
478,307075,860,Uzbekistan,2017,31945,75.096
479,307076,860,Uzbekistan,2018,32449,76.28
480,307077,860,Uzbekistan,2019,32976,77.52
481,307078,860,Uzbekistan,2020,33526,78.812
482,307079,860,Uzbekistan,2021,34081,80.116
483,308330,906,Eastern Asia,2015,1631710,138.396
484,308331,906,Eastern Asia,2016,1640269,139.122
485,308332,906,Eastern Asia,2017,1648827,139.848
486,308333,906,Eastern Asia,2018,1655663,140.427
487,308334,906,Eastern Asia,2019,1660384,140.828
488,308335,906,Eastern Asia,2020,1663179,141.065
489,308336,906,Eastern Asia,2021,1663696,141.109
490,309587,156,China,2015,1393715,145.179
491,309588,156,China,2016,1401889,146.03
492,309589,156,China,2017,1410275,146.904
493,309590,156,China,2018,1417069,147.611
494,309591,156,China,2019,1421864,148.111
495,309592,156,China,2020,1424929,148.43
496,309593,156,China,2021,1425893,148.531
497,310844,344,Hong Kong,2015,7399,6733.247
498,310845,344,Hong Kong,2016,7435,6766.085
499,310846,344,Hong Kong,2017,7461,6789.371
500,310847,344,Hong Kong,2018,7481,6807.602
501,310848,344,Hong Kong,2019,7496,6820.857
502,310849,344,Hong Kong,2020,7500,6825.257
503,310850,344,Hong Kong,2021,7494,6819.453
504,312101,446,Macao,2015,615,19226.219
505,312102,446,Macao,2016,626,19584.016
506,312103,446,Macao,2017,638,19956.531
507,312104,446,Macao,2018,650,20343.469
508,312105,446,Macao,2019,663,20739.141
509,312106,446,Macao,2020,676,21133.844
510,312107,446,Macao,2021,686,21456.469
511,313358,158,Taiwan,2015,23512,663.997
512,313359,158,Taiwan,2016,23594,666.322
513,313360,158,Taiwan,2017,23665,668.315
514,313361,158,Taiwan,2018,23726,670.042
515,313362,158,Taiwan,2019,23777,671.498
516,313363,158,Taiwan,2020,23821,672.733
517,313364,158,Taiwan,2021,23859,673.818
518,314615,408,Dem. People's Republic of Korea,2015,25258,209.767
519,314616,408,Dem. People's Republic of Korea,2016,25389,210.86
520,314617,408,Dem. People's Republic of Korea,2017,25516,211.912
521,314618,408,Dem. People's Republic of Korea,2018,25638,212.924
522,314619,408,Dem. People's Republic of Korea,2019,25755,213.898
523,314620,408,Dem. People's Republic of Korea,2020,25867,214.828
524,314621,408,Dem. People's Republic of Korea,2021,25971,215.696
525,315872,392,Japan,2015,127250,337.693
526,315873,392,Japan,2016,126993,337.011
527,315874,392,Japan,2017,126662,336.132
528,315875,392,Japan,2018,126255,335.053
529,315876,392,Japan,2019,125791,333.821
530,315877,392,Japan,2020,125244,332.369
531,315878,392,Japan,2021,124612,330.692
532,317129,496,Mongolia,2015,2964,1.904
533,317130,496,Mongolia,2016,3029,1.945
534,317131,496,Mongolia,2017,3096,1.988
535,317132,496,Mongolia,2018,3163,2.032
536,317133,496,Mongolia,2019,3232,2.075
537,317134,496,Mongolia,2020,3294,2.115
538,317135,496,Mongolia,2021,3347,2.15
539,318386,410,South Korea,2015,50994,515.392
540,318387,410,South Korea,2016,51309,518.581
541,318388,410,South Korea,2017,51511,520.619
542,318389,410,South Korea,2018,51676,522.29
543,318390,410,South Korea,2019,51803,523.572
544,318391,410,South Korea,2020,51844,523.985
545,318392,410,South Korea,2021,51830,523.838
546,319643,5501,Southern Asia,2015,1857336,290.169
547,319644,5501,Southern Asia,2016,1880378,293.769
548,319645,5501,Southern Asia,2017,1903436,297.372
549,319646,5501,Southern Asia,2018,1926062,300.907
550,319647,5501,Southern Asia,2019,1948009,304.335
551,319648,5501,Southern Asia,2020,1969617,307.711
552,319649,5501,Southern Asia,2021,1989452,310.81
553,320900,4,Afghanistan,2015,33753,51.985
554,320901,4,Afghanistan,2016,34636,53.344
555,320902,4,Afghanistan,2017,35643,54.895
556,320903,4,Afghanistan,2018,36686,56.502
557,320904,4,Afghanistan,2019,37769,58.17
558,320905,4,Afghanistan,2020,38972,60.022
559,320906,4,Afghanistan,2021,40099,61.758
560,322157,50,Bangladesh,2015,157830,1212.491
561,322158,50,Bangladesh,2016,159784,1227.507
562,322159,50,Bangladesh,2017,161793,1242.944
563,322160,50,Bangladesh,2018,163683,1257.463
564,322161,50,Bangladesh,2019,165516,1271.539
565,322162,50,Bangladesh,2020,167420,1286.172
566,322163,50,Bangladesh,2021,169356,1301.039
567,323414,64,Bhutan,2015,743,19.359
568,323415,64,Bhutan,2016,749,19.528
569,323416,64,Bhutan,2017,756,19.694
570,323417,64,Bhutan,2018,762,19.849
571,323418,64,Bhutan,2019,767,19.989
572,323419,64,Bhutan,2020,772,20.12
573,323420,64,Bhutan,2021,777,20.25
574,324671,356,India,2015,1322866,444.932
575,324672,356,India,2016,1338636,450.236
576,324673,356,India,2017,1354195,455.469
577,324674,356,India,2018,1369003,460.449
578,324675,356,India,2019,1383112,465.195
579,324676,356,India,2020,1396387,469.66
580,324677,356,India,2021,1407563,473.419
581,325928,364,Iran,2015,81790,50.217
582,325929,364,Iran,2016,83306,51.147
583,325930,364,Iran,2017,84505,51.883
584,325931,364,Iran,2018,85617,52.566
585,325932,364,Iran,2019,86564,53.148
586,325933,364,Iran,2020,87290,53.593
587,325934,364,Iran,2021,87923,53.982
588,327185,462,Maldives,2015,435,1451.94
589,327186,462,Maldives,2016,454,1514.175
590,327187,462,Maldives,2017,472,1574.807
591,327188,462,Maldives,2018,489,1632.527
592,327189,462,Maldives,2019,504,1681.693
593,327190,462,Maldives,2020,514,1714.793
594,327191,462,Maldives,2021,521,1738.192
595,328442,524,Nepal,2015,27610,187.594
596,328443,524,Nepal,2016,27861,189.299
597,328444,524,Nepal,2017,28183,191.488
598,328445,524,Nepal,2018,28506,193.685
599,328446,524,Nepal,2019,28832,195.898
600,328447,524,Nepal,2020,29348,199.405
601,328448,524,Nepal,2021,30034,204.068
602,329699,586,Pakistan,2015,210969,273.673
603,329700,586,Pakistan,2016,213524,276.988
604,329701,586,Pakistan,2017,216379,280.692
605,329702,586,Pakistan,2018,219731,285.04
606,329703,586,Pakistan,2019,223293,289.66
607,329704,586,Pakistan,2020,227196,294.724
608,329705,586,Pakistan,2021,231402,300.179
609,330956,144,Sri Lanka,2015,21336,340.271
610,330957,144,Sri Lanka,2016,21425,341.687
611,330958,144,Sri Lanka,2017,21506,342.984
612,330959,144,Sri Lanka,2018,21580,344.163
613,330960,144,Sri Lanka,2019,21649,345.262
614,330961,144,Sri Lanka,2020,21715,346.305
615,330962,144,Sri Lanka,2021,21773,347.236
616,332213,920,South-Eastern Asia,2015,636644,143.059
617,332214,920,South-Eastern Asia,2016,643756,144.657
618,332215,920,South-Eastern Asia,2017,650699,146.217
619,332216,920,South-Eastern Asia,2018,657383,147.719
620,332217,920,South-Eastern Asia,2019,663897,149.183
621,332218,920,South-Eastern Asia,2020,670164,150.591
622,332219,920,South-Eastern Asia,2021,675796,151.857
623,333470,96,Brunei Darussalam,2015,421,73.103
624,333471,96,Brunei Darussalam,2016,425,73.893
625,333472,96,Brunei Darussalam,2017,430,74.636
626,333473,96,Brunei Darussalam,2018,434,75.329
627,333474,96,Brunei Darussalam,2019,438,75.984
628,333475,96,Brunei Darussalam,2020,441,76.622
629,333476,96,Brunei Darussalam,2021,445,77.255
630,334727,116,Cambodia,2015,15417,85.163
631,334728,116,Cambodia,2016,15624,86.307
632,334729,116,Cambodia,2017,15830,87.445
633,334730,116,Cambodia,2018,16025,88.52
634,334731,116,Cambodia,2019,16207,89.528
635,334732,116,Cambodia,2020,16396,90.573
636,334733,116,Cambodia,2021,16589,91.634
637,335984,360,Indonesia,2015,259091,135.584
638,335985,360,Indonesia,2016,261850,137.028
639,335986,360,Indonesia,2017,264498,138.414
640,335987,360,Indonesia,2018,267066,139.757
641,335988,360,Indonesia,2019,269582,141.074
642,335989,360,Indonesia,2020,271857,142.265
643,335990,360,Indonesia,2021,273753,143.256
644,337241,418,Lao People's Democratic Republic,2015,6787,29.408
645,337242,418,Lao People's Democratic Republic,2016,6891,29.859
646,337243,418,Lao People's Democratic Republic,2017,6997,30.32
647,337244,418,Lao People's Democratic Republic,2018,7105,30.784
648,337245,418,Lao People's Democratic Republic,2019,7212,31.248
649,337246,418,Lao People's Democratic Republic,2020,7319,31.713
650,337247,418,Lao People's Democratic Republic,2021,7425,32.171
651,338498,458,Malaysia,2015,31068,94.563
652,338499,458,Malaysia,2016,31526,95.956
653,338500,458,Malaysia,2017,31975,97.324
654,338501,458,Malaysia,2018,32399,98.613
655,338502,458,Malaysia,2019,32804,99.845
656,338503,458,Malaysia,2020,33199,101.05
657,338504,458,Malaysia,2021,33573,102.188
658,339755,104,Myanmar,2015,51483,78.807
659,339756,104,Myanmar,2016,51892,79.432
660,339757,104,Myanmar,2017,52288,80.038
661,339758,104,Myanmar,2018,52666,80.617
662,339759,104,Myanmar,2019,53040,81.189
663,339760,104,Myanmar,2020,53423,81.776
664,339761,104,Myanmar,2021,53798,82.349
665,341012,608,Philippines,2015,103031,343.438
666,341013,608,Philippines,2016,104875,349.584
667,341014,608,Philippines,2017,106738,355.795
668,341015,608,Philippines,2018,108568,361.896
669,341016,608,Philippines,2019,110380,367.936
670,341017,608,Philippines,2020,112190,373.97
671,341018,608,Philippines,2021,113880,379.601
672,342269,702,Singapore,2015,5650,8272.354
673,342270,702,Singapore,2016,5711,8363.006
674,342271,702,Singapore,2017,5764,8439.952
675,342272,702,Singapore,2018,5814,8513.231
676,342273,702,Singapore,2019,5866,8589.173
677,342274,702,Singapore,2020,5909,8652.81
678,342275,702,Singapore,2021,5941,8698.478
679,343526,764,Thailand,2015,70294,137.592
680,343527,764,Thailand,2016,70607,138.204
681,343528,764,Thailand,2017,70898,138.774
682,343529,764,Thailand,2018,71127,139.223
683,343530,764,Thailand,2019,71307,139.576
684,343531,764,Thailand,2020,71475,139.904
685,343532,764,Thailand,2021,71601,140.15
686,344783,626,Timor-Leste,2015,1205,81.09
687,344784,626,Timor-Leste,2016,1224,82.351
688,344785,626,Timor-Leste,2017,1243,83.607
689,344786,626,Timor-Leste,2018,1261,84.858
690,344787,626,Timor-Leste,2019,1280,86.109
691,344788,626,Timor-Leste,2020,1299,87.424
692,344789,626,Timor-Leste,2021,1320,88.833
693,346040,704,Viet Nam,2015,92191,294.157
694,346041,704,Viet Nam,2016,93126,297.141
695,346042,704,Viet Nam,2017,94033,300.033
696,346043,704,Viet Nam,2018,94914,302.845
697,346044,704,Viet Nam,2019,95776,305.597
698,346045,704,Viet Nam,2020,96648,308.379
699,346046,704,Viet Nam,2021,97468,310.993
700,347297,922,Western Asia,2015,264755,55.245
701,347298,922,Western Asia,2016,269604,56.257
702,347299,922,Western Asia,2017,274064,57.188
703,347300,922,Western Asia,2018,278507,58.115
704,347301,922,Western Asia,2019,283125,59.079
705,347302,922,Western Asia,2020,286637,59.811
706,347303,922,Western Asia,2021,289733,60.457
707,348554,51,Armenia,2015,2878,101.131
708,348555,51,Armenia,2016,2865,100.683
709,348556,51,Armenia,2017,2851,100.194
710,348557,51,Armenia,2018,2836,99.654
711,348558,51,Armenia,2019,2820,99.094
712,348559,51,Armenia,2020,2805,98.567
713,348560,51,Armenia,2021,2790,98.053
714,349811,31,Azerbaijan,2015,9863,119.329
715,349812,31,Azerbaijan,2016,9976,120.693
716,349813,31,Azerbaijan,2017,10071,121.846
717,349814,31,Azerbaijan,2018,10152,122.826
718,349815,31,Azerbaijan,2019,10232,123.796
719,349816,31,Azerbaijan,2020,10284,124.428
720,349817,31,Azerbaijan,2021,10312,124.767
721,351068,48,Bahrain,2015,1362,1739.645
722,351069,48,Bahrain,2016,1409,1800.333
723,351070,48,Bahrain,2017,1456,1860.58
724,351071,48,Bahrain,2018,1487,1899.54
725,351072,48,Bahrain,2019,1494,1908.287
726,351073,48,Bahrain,2020,1477,1886.934
727,351074,48,Bahrain,2021,1463,1868.794
728,352325,196,Cyprus,2015,1187,128.494
729,352326,196,Cyprus,2016,1197,129.641
730,352327,196,Cyprus,2017,1208,130.793
731,352328,196,Cyprus,2018,1218,131.908
732,352329,196,Cyprus,2019,1228,132.991
733,352330,196,Cyprus,2020,1237,133.933
734,352331,196,Cyprus,2021,1244,134.652
735,353582,268,Georgia,2015,3771,54.269
736,353583,268,Georgia,2016,3771,54.268
737,353584,268,Georgia,2017,3771,54.28
738,353585,268,Georgia,2018,3772,54.286
739,353586,268,Georgia,2019,3770,54.264
740,353587,268,Georgia,2020,3765,54.194
741,353588,268,Georgia,2021,3757,54.079
742,354839,368,Iraq,2015,37757,86.974
743,354840,368,Iraq,2016,38697,89.139
744,354841,368,Iraq,2017,39621,91.266
745,354842,368,Iraq,2018,40590,93.499
746,354843,368,Iraq,2019,41563,95.74
747,354844,368,Iraq,2020,42556,98.029
748,354845,368,Iraq,2021,43533,100.278
749,356096,376,Israel,2015,8007,369.994
750,356097,376,Israel,2016,8159,376.981
751,356098,376,Israel,2017,8309,383.924
752,356099,376,Israel,2018,8456,390.726
753,356100,376,Israel,2019,8607,397.723
754,356101,376,Israel,2020,8757,404.634
755,356102,376,Israel,2021,8900,411.221
756,357353,400,Jordan,2015,9494,106.924
757,357354,400,Jordan,2016,9964,112.222
758,357355,400,Jordan,2017,10215,115.046
759,357356,400,Jordan,2018,10459,117.799
760,357357,400,Jordan,2019,10698,120.489
761,357358,400,Jordan,2020,10928,123.079
762,357359,400,Jordan,2021,11148,125.552
763,358610,414,Kuwait,2015,3908,219.37
764,358611,414,Kuwait,2016,4048,227.191
765,358612,414,Kuwait,2017,4124,231.502
766,358613,414,Kuwait,2018,4317,242.293
767,358614,414,Kuwait,2019,4441,249.248
768,358615,414,Kuwait,2020,4360,244.721
769,358616,414,Kuwait,2021,4250,238.529
770,359867,422,Lebanon,2015,6398,625.507
771,359868,422,Lebanon,2016,6258,611.791
772,359869,422,Lebanon,2017,6109,597.19
773,359870,422,Lebanon,2018,5950,581.705
774,359871,422,Lebanon,2019,5781,565.191
775,359872,422,Lebanon,2020,5662,553.56
776,359873,422,Lebanon,2021,5592,546.689
777,361124,512,Oman,2015,4191,13.544
778,361125,512,Oman,2016,4398,14.21
779,361126,512,Oman,2017,4541,14.675
780,361127,512,Oman,2018,4601,14.866
781,361128,512,Oman,2019,4602,14.872
782,361129,512,Oman,2020,4543,14.68
783,361130,512,Oman,2021,4520,14.606
784,362381,634,Qatar,2015,2414,208.404
785,362382,634,Qatar,2016,2595,223.992
786,362383,634,Qatar,2017,2711,234.054
787,362384,634,Qatar,2018,2766,238.8
788,362385,634,Qatar,2019,2807,242.295
789,362386,634,Qatar,2020,2760,238.252
790,362387,634,Qatar,2021,2688,232.024
791,363638,682,Saudi Arabia,2015,32749,15.235
792,363639,682,Saudi Arabia,2016,33416,15.545
793,363640,682,Saudi Arabia,2017,34193,15.906
794,363641,682,Saudi Arabia,2018,35018,16.29
795,363642,682,Saudi Arabia,2019,35827,16.666
796,363643,682,Saudi Arabia,2020,35997,16.745
797,363644,682,Saudi Arabia,2021,35950,16.724
798,364895,275,Palestine,2015,4484,744.952
799,364896,275,Palestine,2016,4593,763.098
800,364897,275,Palestine,2017,4700,780.888
801,364898,275,Palestine,2018,4805,798.264
802,364899,275,Palestine,2019,4909,815.577
803,364900,275,Palestine,2020,5019,833.788
804,364901,275,Palestine,2021,5133,852.723
805,366152,760,Syrian Arab Republic,2015,19205,104.541
806,366153,760,Syrian Arab Republic,2016,18964,103.229
807,366154,760,Syrian Arab Republic,2017,18983,103.333
808,366155,760,Syrian Arab Republic,2018,19333,105.239
809,366156,760,Syrian Arab Republic,2019,20098,109.402
810,366157,760,Syrian Arab Republic,2020,20772,113.073
811,366158,760,Syrian Arab Republic,2021,21324,116.076
812,367409,792,Turkey,2015,79646,103.49
813,367410,792,Turkey,2016,81019,105.274
814,367411,792,Turkey,2017,82089,106.665
815,367412,792,Turkey,2018,82809,107.6
816,367413,792,Turkey,2019,83481,108.474
817,367414,792,Turkey,2020,84135,109.323
818,367415,792,Turkey,2021,84775,110.155
819,368666,784,United Arab Emirates,2015,8916,125.548
820,368667,784,United Arab Emirates,2016,8994,126.637
821,368668,784,United Arab Emirates,2017,9068,127.679
822,368669,784,United Arab Emirates,2018,9140,128.691
823,368670,784,United Arab Emirates,2019,9211,129.698
824,368671,784,United Arab Emirates,2020,9287,130.763
825,368672,784,United Arab Emirates,2021,9365,131.859
826,369923,887,Yemen,2015,28516,54.012
827,369924,887,Yemen,2016,29274,55.446
828,369925,887,Yemen,2017,30034,56.887
829,369926,887,Yemen,2018,30790,58.319
830,369927,887,Yemen,2019,31546,59.751
831,369928,887,Yemen,2020,32284,61.147
832,369929,887,Yemen,2021,32981,62.469
833,371180,908,Europe,2015,742107,33.606
834,371181,908,Europe,2016,743318,33.661
835,371182,908,Europe,2017,744449,33.712
836,371183,908,Europe,2018,745359,33.753
837,371184,908,Europe,2019,746189,33.791
838,371185,908,Europe,2020,746225,33.793
839,371186,908,Europe,2021,745173,33.745
840,372437,923,Eastern Europe,2015,294189,16.297
841,372438,923,Eastern Europe,2016,294225,16.299
842,372439,923,Eastern Europe,2017,294171,16.296
843,372440,923,Eastern Europe,2018,293940,16.283
844,372441,923,Eastern Europe,2019,293569,16.262
845,372442,923,Eastern Europe,2020,292833,16.221
846,372443,923,Eastern Europe,2021,291464,16.146
847,373694,112,Belarus,2015,9700,47.807
848,373695,112,Belarus,2016,9708,47.844
849,373696,112,Belarus,2017,9707,47.843
850,373697,112,Belarus,2018,9695,47.783
851,373698,112,Belarus,2019,9673,47.676
852,373699,112,Belarus,2020,9633,47.478
853,373700,112,Belarus,2021,9578,47.204
854,374951,100,Bulgaria,2015,7309,67.431
855,374952,100,Bulgaria,2016,7245,66.847
856,374953,100,Bulgaria,2017,7182,66.261
857,374954,100,Bulgaria,2018,7117,65.661
858,374955,100,Bulgaria,2019,7052,65.063
859,374956,100,Bulgaria,2020,6979,64.386
860,374957,100,Bulgaria,2021,6885,63.525
861,376208,203,Czechia,2015,10523,136.313
862,376209,203,Czechia,2016,10527,136.362
863,376210,203,Czechia,2017,10531,136.411
864,376211,203,Czechia,2018,10534,136.453
865,376212,203,Czechia,2019,10536,136.483
866,376213,203,Czechia,2020,10530,136.406
867,376214,203,Czechia,2021,10510,136.144
868,377465,348,Hungary,2015,9844,108.74
869,377466,348,Hungary,2016,9815,108.418
870,377467,348,Hungary,2017,9788,108.129
871,377468,348,Hungary,2018,9776,107.99
872,377469,348,Hungary,2019,9771,107.94
873,377470,348,Hungary,2020,9750,107.705
874,377471,348,Hungary,2021,9709,107.255
875,378722,616,Poland,2015,38553,125.911
876,378723,616,Poland,2016,38532,125.842
877,378724,616,Poland,2017,38532,125.844
878,378725,616,Poland,2018,38521,125.807
879,378726,616,Poland,2019,38493,125.716
880,378727,616,Poland,2020,38428,125.503
881,378728,616,Poland,2021,38307,125.109
882,379979,498,Moldova,2015,3277,99.671
883,379980,498,Moldova,2016,3225,98.082
884,379981,498,Moldova,2017,3180,96.725
885,379982,498,Moldova,2018,3141,95.549
886,379983,498,Moldova,2019,3109,94.565
887,379984,498,Moldova,2020,3084,93.816
888,379985,498,Moldova,2021,3061,93.106
889,381236,642,Romania,2015,19906,86.52
890,381237,642,Romania,2016,19797,86.049
891,381238,642,Romania,2017,19698,85.619
892,381239,642,Romania,2018,19606,85.219
893,381240,642,Romania,2019,19524,84.86
894,381241,642,Romania,2020,19442,84.503
895,381242,642,Romania,2021,19328,84.009
896,382493,643,Russian Federation,2015,144668,8.834
897,382494,643,Russian Federation,2016,145109,8.861
898,382495,643,Russian Federation,2017,145452,8.882
899,382496,643,Russian Federation,2018,145652,8.894
900,382497,643,Russian Federation,2019,145742,8.9
901,382498,643,Russian Federation,2020,145617,8.892
902,382499,643,Russian Federation,2021,145102,8.861
903,383750,703,Slovakia,2015,5424,110.628
904,383751,703,Slovakia,2016,5431,110.766
905,383752,703,Slovakia,2017,5439,110.934
906,383753,703,Slovakia,2018,5446,111.083
907,383754,703,Slovakia,2019,5453,111.23
908,383755,703,Slovakia,2020,5456,111.286
909,383756,703,Slovakia,2021,5447,111.101
910,385007,804,Ukraine,2015,44982,77.647
911,385008,804,Ukraine,2016,44833,77.39
912,385009,804,Ukraine,2017,44657,77.086
913,385010,804,Ukraine,2018,44446,76.723
914,385011,804,Ukraine,2019,44211,76.315
915,385012,804,Ukraine,2020,43909,75.795
916,385013,804,Ukraine,2021,43531,75.142
917,386264,924,Northern Europe,2015,102983,62.866
918,386265,924,Northern Europe,2016,103618,63.254
919,386266,924,Northern Europe,2017,104237,63.631
920,386267,924,Northern Europe,2018,104813,63.983
921,386268,924,Northern Europe,2019,105366,64.321
922,386269,924,Northern Europe,2020,105830,64.604
923,386270,924,Northern Europe,2021,106197,64.828
924,387521,208,Denmark,2015,5677,133.929
925,387522,208,Denmark,2016,5706,134.615
926,387523,208,Denmark,2017,5737,135.332
927,387524,208,Denmark,2018,5766,136.026
928,387525,208,Denmark,2019,5795,136.715
929,387526,208,Denmark,2020,5825,137.417
930,387527,208,Denmark,2021,5854,138.091
931,388778,233,Estonia,2015,1314,30.246
932,388779,233,Estonia,2016,1315,30.275
933,388780,233,Estonia,2017,1317,30.312
934,388781,233,Estonia,2018,1322,30.418
935,388782,233,Estonia,2019,1327,30.53
936,388783,233,Estonia,2020,1329,30.586
937,388784,233,Estonia,2021,1328,30.569
938,390035,234,Faroe Islands,2015,48,35.247
939,390036,234,Faroe Islands,2016,49,35.74
940,390037,234,Faroe Islands,2017,50,36.268
941,390038,234,Faroe Islands,2018,50,36.791
942,390039,234,Faroe Islands,2019,51,37.315
943,390040,234,Faroe Islands,2020,52,37.845
944,390041,234,Faroe Islands,2021,52,38.187
945,391292,246,Finland,2015,5479,18.121
946,391293,246,Finland,2016,5495,18.173
947,391294,246,Finland,2017,5508,18.216
948,391295,246,Finland,2018,5515,18.24
949,391296,246,Finland,2019,5521,18.26
950,391297,246,Finland,2020,5529,18.287
951,391298,246,Finland,2021,5535,18.308
952,392549,831,Guernsey,2015,61,962.953
953,392550,831,Guernsey,2016,61,962.281
954,392551,831,Guernsey,2017,61,962.508
955,392552,831,Guernsey,2018,61,966.961
956,392553,831,Guernsey,2019,62,974.453
957,392554,831,Guernsey,2020,62,981.156
958,392555,831,Guernsey,2021,63,985.391
959,393806,352,Iceland,2015,331,3.303
960,393807,352,Iceland,2016,335,3.349
961,393808,352,Iceland,2017,343,3.428
962,393809,352,Iceland,2018,352,3.521
963,393810,352,Iceland,2019,360,3.599
964,393811,352,Iceland,2020,366,3.658
965,393812,352,Iceland,2021,370,3.694
966,395063,372,Ireland,2015,4665,68.246
967,395064,372,Ireland,2016,4715,68.978
968,395065,372,Ireland,2017,4771,69.798
969,395066,372,Ireland,2018,4834,70.714
970,395067,372,Ireland,2019,4896,71.614
971,395068,372,Ireland,2020,4946,72.347
972,395069,372,Ireland,2021,4986,72.938
973,396320,833,Isle of Man,2015,83,146.142
974,396321,833,Isle of Man,2016,83,145.891
975,396322,833,Isle of Man,2017,83,146.119
976,396323,833,Isle of Man,2018,83,146.461
977,396324,833,Isle of Man,2019,83,146.736
978,396325,833,Isle of Man,2020,84,146.933
979,396326,833,Isle of Man,2021,84,147.314
980,397577,832,Jersey,2015,100,866.905
981,397578,832,Jersey,2016,102,880.478
982,397579,832,Jersey,2017,103,893.228
983,397580,832,Jersey,2018,105,908.384
984,397581,832,Jersey,2019,107,922.802
985,397582,832,Jersey,2020,108,933.78
986,397583,832,Jersey,2021,109,944.987
987,398834,428,Latvia,2015,1991,32.011
988,398835,428,Latvia,2016,1973,31.714
989,398836,428,Latvia,2017,1954,31.415
990,398837,428,Latvia,2018,1935,31.106
991,398838,428,Latvia,2019,1916,30.799
992,398839,428,Latvia,2020,1897,30.486
993,398840,428,Latvia,2021,1873,30.114
994,400091,440,Lithuania,2015,2963,47.329
995,400092,440,Lithuania,2016,2933,46.848
996,400093,440,Lithuania,2017,2904,46.381
997,400094,440,Lithuania,2018,2876,45.929
998,400095,440,Lithuania,2019,2849,45.497
999,400096,440,Lithuania,2020,2820,45.037
1000,400097,440,Lithuania,2021,2786,44.5
1001,401348,578,Norway,2015,5190,17.061
1002,401349,578,Norway,2016,5236,17.213
1003,401350,578,Norway,2017,5277,17.347
1004,401351,578,Norway,2018,5312,17.462
1005,401352,578,Norway,2019,5348,17.58
1006,401353,578,Norway,2020,5379,17.684
1007,401354,578,Norway,2021,5403,17.76
1008,402605,752,Sweden,2015,9849,24.18
1009,402606,752,Sweden,2016,9953,24.435
1010,402607,752,Sweden,2017,10058,24.692
1011,402608,752,Sweden,2018,10162,24.948
1012,402609,752,Sweden,2019,10267,25.207
1013,402610,752,Sweden,2020,10368,25.455
1014,402611,752,Sweden,2021,10467,25.696
1015,403862,826,United Kingdom of Great Britain and Northern Ireland,2015,65224,268.699
1016,403863,826,United Kingdom of Great Britain and Northern Ireland,2016,65655,270.474
1017,403864,826,United Kingdom of Great Britain and Northern Ireland,2017,66064,272.162
1018,403865,826,United Kingdom of Great Britain and Northern Ireland,2018,66432,273.679
1019,403866,826,United Kingdom of Great Britain and Northern Ireland,2019,66778,275.103
1020,403867,826,United Kingdom of Great Britain and Northern Ireland,2020,67059,276.259
1021,403868,826,United Kingdom of Great Britain and Northern Ireland,2021,67281,277.172
1022,405119,925,Southern Europe,2015,153194,117.572
1023,405120,925,Southern Europe,2016,152944,117.38
1024,405121,925,Southern Europe,2017,152759,117.238
1025,405122,925,Southern Europe,2018,152658,117.161
1026,405123,925,Southern Europe,2019,152680,117.177
1027,405124,925,Southern Europe,2020,152503,117.042
1028,405125,925,Southern Europe,2021,152130,116.755
1029,406376,8,Albania,2015,2882,105.208
1030,406377,8,Albania,2016,2881,105.156
1031,406378,8,Albania,2017,2879,105.094
1032,406379,8,Albania,2018,2877,105.008
1033,406380,8,Albania,2019,2873,104.894
1034,406381,8,Albania,2020,2866,104.637
1035,406382,8,Albania,2021,2854,104.194
1036,407633,20,Andorra,2015,71,152.65
1037,407634,20,Andorra,2016,72,154.341
1038,407635,20,Andorra,2017,73,157.099
1039,407636,20,Andorra,2018,75,159.603
1040,407637,20,Andorra,2019,76,162.432
1041,407638,20,Andorra,2020,77,165.319
1042,407639,20,Andorra,2021,79,168.157
1043,408890,70,Bosnia and Herzegovina,2015,3524,68.838
1044,408891,70,Bosnia and Herzegovina,2016,3480,67.992
1045,408892,70,Bosnia and Herzegovina,2017,3440,67.192
1046,408893,70,Bosnia and Herzegovina,2018,3400,66.413
1047,408894,70,Bosnia and Herzegovina,2019,3360,65.643
1048,408895,70,Bosnia and Herzegovina,2020,3318,64.816
1049,408896,70,Bosnia and Herzegovina,2021,3270,63.889
1050,410147,191,Croatia,2015,4254,76.12
1051,410148,191,Croatia,2016,4223,75.564
1052,410149,191,Croatia,2017,4192,75.005
1053,410150,191,Croatia,2018,4160,74.433
1054,410151,191,Croatia,2019,4129,73.883
1055,410152,191,Croatia,2020,4096,73.295
1056,410153,191,Croatia,2021,4060,72.637
1057,411404,292,Gibraltar,2015,32,3251.95
1058,411405,292,Gibraltar,2016,32,3256.5
1059,411406,292,Gibraltar,2017,32,3260.2
1060,411407,292,Gibraltar,2018,32,3264.8
1061,411408,292,Gibraltar,2019,32,3268.55
1062,411409,292,Gibraltar,2020,32,3270.85
1063,411410,292,Gibraltar,2021,32,3266.95
1064,412661,300,Greece,2015,10806,82.607
1065,412662,300,Greece,2016,10749,82.172
1066,412663,300,Greece,2017,10692,81.732
1067,412664,300,Greece,2018,10633,81.282
1068,412665,300,Greece,2019,10574,80.829
1069,412666,300,Greece,2020,10512,80.356
1070,412667,300,Greece,2021,10445,79.845
1071,413918,336,Holy See,2015,0,1281.818
1072,413919,336,Holy See,2016,0,1262.5
1073,413920,336,Holy See,2017,0,1242.045
1074,413921,336,Holy See,2018,0,1220.455
1075,413922,336,Holy See,2019,0,1200.0
1076,413923,336,Holy See,2020,0,1181.818
1077,413924,336,Holy See,2021,0,1162.5
1078,415175,380,Italy,2015,60232,203.507
1079,415176,380,Italy,2016,60118,203.121
1080,415177,380,Italy,2017,60004,202.733
1081,415178,380,Italy,2018,59877,202.306
1082,415179,380,Italy,2019,59727,201.801
1083,415180,380,Italy,2020,59500,201.032
1084,415181,380,Italy,2021,59240,200.153
1085,416432,412,Kosovo,2015,1759,161.313
1086,416433,412,Kosovo,2016,1750,160.543
1087,416434,412,Kosovo,2017,1731,158.796
1088,416435,412,Kosovo,2018,1709,156.805
1089,416436,412,Kosovo,2019,1686,154.687
1090,416437,412,Kosovo,2020,1670,153.205
1091,416438,412,Kosovo,2021,1662,152.408
1092,417689,470,Malta,2015,456,1449.456
1093,417690,470,Malta,2016,467,1484.778
1094,417691,470,Malta,2017,479,1522.213
1095,417692,470,Malta,2018,491,1560.59
1096,417693,470,Malta,2019,503,1598.84
1097,417694,470,Malta,2020,515,1636.057
1098,417695,470,Malta,2021,526,1672.216
1099,418946,499,Montenegro,2015,633,45.9
1100,418947,499,Montenegro,2016,633,45.849
1101,418948,499,Montenegro,2017,632,45.789
1102,418949,499,Montenegro,2018,631,45.718
1103,418950,499,Montenegro,2019,630,45.641
1104,418951,499,Montenegro,2020,629,45.544
1105,418952,499,Montenegro,2021,627,45.457
1106,420203,807,North Macedonia,2015,2107,84.613
1107,420204,807,North Macedonia,2016,2110,84.703
1108,420205,807,North Macedonia,2017,2111,84.774
1109,420206,807,North Macedonia,2018,2113,84.835
1110,420207,807,North Macedonia,2019,2114,84.862
1111,420208,807,North Macedonia,2020,2111,84.738
1112,420209,807,North Macedonia,2021,2103,84.427
1113,421460,620,Portugal,2015,10365,112.686
1114,421461,620,Portugal,2016,10332,112.331
1115,421462,620,Portugal,2017,10307,112.057
1116,421463,620,Portugal,2018,10289,111.864
1117,421464,620,Portugal,2019,10289,111.865
1118,421465,620,Portugal,2020,10298,111.955
1119,421466,620,Portugal,2021,10290,111.867
1120,422717,674,San Marino,2015,33,550.328
1121,422718,674,San Marino,2016,33,554.656
1122,422719,674,San Marino,2017,34,558.303
1123,422720,674,San Marino,2018,34,559.934
1124,422721,674,San Marino,2019,34,560.287
1125,422722,674,San Marino,2020,34,557.492
1126,422723,674,San Marino,2021,33,553.205
1127,423974,688,Serbia,2015,7519,97.992
1128,423975,688,Serbia,2016,7493,97.65
1129,423976,688,Serbia,2017,7464,97.28
1130,423977,688,Serbia,2018,7433,96.875
1131,423978,688,Serbia,2019,7401,96.448
1132,423979,688,Serbia,2020,7358,95.887
1133,423980,688,Serbia,2021,7296,95.089
1134,425231,705,Slovenia,2015,2080,103.33
1135,425232,705,Slovenia,2016,2090,103.785
1136,425233,705,Slovenia,2017,2098,104.201
1137,425234,705,Slovenia,2018,2105,104.575
1138,425235,705,Slovenia,2019,2112,104.921
1139,425236,705,Slovenia,2020,2117,105.156
1140,425237,705,Slovenia,2021,2119,105.244
1141,426488,724,Spain,2015,46431,92.428
1142,426489,724,Spain,2016,46473,92.511
1143,426490,724,Spain,2017,46584,92.732
1144,426491,724,Spain,2018,46792,93.146
1145,426492,724,Spain,2019,47131,93.821
1146,426493,724,Spain,2020,47363,94.284
1147,426494,724,Spain,2021,47486,94.529
1148,427745,926,Western Europe,2015,191740,176.045
1149,427746,926,Western Europe,2016,192529,176.77
1150,427747,926,Western Europe,2017,193280,177.46
1151,427748,926,Western Europe,2018,193947,178.072
1152,427749,926,Western Europe,2019,194572,178.646
1153,427750,926,Western Europe,2020,195057,179.092
1154,427751,926,Western Europe,2021,195381,179.389
1155,429002,40,Austria,2015,8642,104.732
1156,429003,40,Austria,2016,8736,105.872
1157,429004,40,Austria,2017,8797,106.612
1158,429005,40,Austria,2018,8840,107.133
1159,429006,40,Austria,2019,8879,107.611
1160,429007,40,Austria,2020,8907,107.948
1161,429008,40,Austria,2021,8922,108.122
1162,430259,56,Belgium,2015,11248,371.501
1163,430260,56,Belgium,2016,11316,373.764
1164,430261,56,Belgium,2017,11384,375.999
1165,430262,56,Belgium,2018,11448,378.116
1166,430263,56,Belgium,2019,11510,380.163
1167,430264,56,Belgium,2020,11561,381.852
1168,430265,56,Belgium,2021,11611,383.494
1169,431516,250,France,2015,63809,115.727
1170,431517,250,France,2016,63989,116.053
1171,431518,250,France,2017,64144,116.334
1172,431519,250,France,2018,64277,116.576
1173,431520,250,France,2019,64399,116.797
1174,431521,250,France,2020,64480,116.943
1175,431522,250,France,2021,64531,117.036
1176,432773,276,Germany,2015,82073,235.464
1177,432774,276,Germany,2016,82331,236.204
1178,432775,276,Germany,2017,82624,237.045
1179,432776,276,Germany,2018,82896,237.826
1180,432777,276,Germany,2019,83148,238.548
1181,432778,276,Germany,2020,83328,239.066
1182,432779,276,Germany,2021,83408,239.295
1183,434030,438,Liechtenstein,2015,37,233.469
1184,434031,438,Liechtenstein,2016,37,235.059
1185,434032,438,Liechtenstein,2017,37,236.803
1186,434033,438,Liechtenstein,2018,38,238.631
1187,434034,438,Liechtenstein,2019,38,240.512
1188,434035,438,Liechtenstein,2020,38,242.225
1189,434036,438,Liechtenstein,2021,39,243.997
1190,435287,442,Luxembourg,2015,569,219.848
1191,435288,442,Luxembourg,2016,583,225.232
1192,435289,442,Luxembourg,2017,596,230.225
1193,435290,442,Luxembourg,2018,607,234.715
1194,435291,442,Luxembourg,2019,619,239.372
1195,435292,442,Luxembourg,2020,630,243.397
1196,435293,442,Luxembourg,2021,639,246.842
1197,436544,492,Monaco,2015,36,24671.141
1198,436545,492,Monaco,2016,37,24879.53
1199,436546,492,Monaco,2017,37,24862.081
1200,436547,492,Monaco,2018,37,24851.678
1201,436548,492,Monaco,2019,37,24855.034
1202,436549,492,Monaco,2020,36,24779.866
1203,436550,492,Monaco,2021,36,24621.477
1204,437801,528,Netherlands,2015,17041,506.106
1205,437802,528,Netherlands,2016,17124,508.583
1206,437803,528,Netherlands,2017,17207,511.039
1207,437804,528,Netherlands,2018,17286,513.381
1208,437805,528,Netherlands,2019,17363,515.674
1209,437806,528,Netherlands,2020,17434,517.791
1210,437807,528,Netherlands,2021,17501,519.785
1211,439058,756,Switzerland,2015,8281,207.085
1212,439059,756,Switzerland,2016,8372,209.364
1213,439060,756,Switzerland,2017,8451,211.334
1214,439061,756,Switzerland,2018,8514,212.903
1215,439062,756,Switzerland,2019,8575,214.433
1216,439063,756,Switzerland,2020,8638,216.009
1217,439064,756,Switzerland,2021,8691,217.329
1218,441572,915,Caribbean,2015,42754,193.033
1219,441573,915,Caribbean,2016,42989,194.094
1220,441574,915,Caribbean,2017,43209,195.084
1221,441575,915,Caribbean,2018,43469,196.26
1222,441576,915,Caribbean,2019,43727,197.427
1223,441577,915,Caribbean,2020,43962,198.485
1224,441578,915,Caribbean,2021,44182,199.477
1225,442829,660,Anguilla,2015,14,165.063
1226,442830,660,Anguilla,2016,14,168.335
1227,442831,660,Anguilla,2017,15,170.625
1228,442832,660,Anguilla,2018,15,172.511
1229,442833,660,Anguilla,2019,15,174.767
1230,442834,660,Anguilla,2020,15,177.102
1231,442835,660,Anguilla,2021,15,179.011
1232,444086,28,Antigua and Barbuda,2015,89,204.41
1233,444087,28,Antigua and Barbuda,2016,90,205.828
1234,444088,28,Antigua and Barbuda,2017,91,207.089
1235,444089,28,Antigua and Barbuda,2018,91,208.24
1236,444090,28,Antigua and Barbuda,2019,92,209.356
1237,444091,28,Antigua and Barbuda,2020,92,210.6
1238,444092,28,Antigua and Barbuda,2021,93,211.863
1239,445343,533,Aruba,2015,104,579.208
1240,445344,533,Aruba,2016,104,582.636
1241,445345,533,Aruba,2017,105,585.769
1242,445346,533,Aruba,2018,105,588.675
1243,445347,533,Aruba,2019,106,591.347
1244,445348,533,Aruba,2020,106,592.136
1245,445349,533,Aruba,2021,106,591.869
1246,446600,44,Bahamas,2015,392,73.292
1247,446601,44,Bahamas,2016,395,73.904
1248,446602,44,Bahamas,2017,399,74.472
1249,446603,44,Bahamas,2018,401,75.011
1250,446604,44,Bahamas,2019,404,75.505
1251,446605,44,Bahamas,2020,406,75.863
1252,446606,44,Bahamas,2021,407,76.13
1253,447857,52,Barbados,2015,278,646.705
1254,447858,52,Barbados,2016,278,648.021
1255,447859,52,Barbados,2017,279,649.272
1256,447860,52,Barbados,2018,279,650.438
1257,447861,52,Barbados,2019,280,651.58
1258,447862,52,Barbados,2020,280,652.774
1259,447863,52,Barbados,2021,281,653.952
1260,449114,535,"Bonaire, Sint Eustatius and Saba",2015,23,70.622
1261,449115,535,"Bonaire, Sint Eustatius and Saba",2016,23,72.468
1262,449116,535,"Bonaire, Sint Eustatius and Saba",2017,24,74.285
1263,449117,535,"Bonaire, Sint Eustatius and Saba",2018,24,76.128
1264,449118,535,"Bonaire, Sint Eustatius and Saba",2019,25,77.959
1265,449119,535,"Bonaire, Sint Eustatius and Saba",2020,26,79.735
1266,449120,535,"Bonaire, Sint Eustatius and Saba",2021,26,81.421
1267,450371,92,"Virgin Islands, British",2015,29,190.685
1268,450372,92,"Virgin Islands, British",2016,29,193.11
1269,450373,92,"Virgin Islands, British",2017,30,195.195
1270,450374,92,"Virgin Islands, British",2018,30,196.981
1271,450375,92,"Virgin Islands, British",2019,30,198.766
1272,450376,92,"Virgin Islands, British",2020,30,200.714
1273,450377,92,"Virgin Islands, British",2021,31,202.091
1274,451628,136,Cayman Islands,2015,60,252.743
1275,451629,136,Cayman Islands,2016,62,258.317
1276,451630,136,Cayman Islands,2017,63,263.822
1277,451631,136,Cayman Islands,2018,64,269.228
1278,451632,136,Cayman Islands,2019,66,274.415
1279,451633,136,Cayman Islands,2020,67,279.297
1280,451634,136,Cayman Islands,2021,68,282.722
1281,452885,192,Cuba,2015,11339,106.221
1282,452886,192,Cuba,2016,11342,106.24
1283,452887,192,Cuba,2017,11336,106.188
1284,452888,192,Cuba,2018,11328,106.111
1285,452889,192,Cuba,2019,11316,106.003
1286,452890,192,Cuba,2020,11300,105.853
1287,452891,192,Cuba,2021,11256,105.438
1288,454142,531,Curaçao,2015,169,399.934
1289,454143,531,Curaçao,2016,170,402.688
1290,454144,531,Curaçao,2017,171,404.539
1291,454145,531,Curaçao,2018,184,435.665
1292,454146,531,Curaçao,2019,193,455.44
1293,454147,531,Curaçao,2020,189,446.435
1294,454148,531,Curaçao,2021,190,448.91
1295,455399,212,Dominica,2015,70,93.342
1296,455400,212,Dominica,2016,70,93.433
1297,455401,212,Dominica,2017,70,93.871
1298,455402,212,Dominica,2018,70,94.43
1299,455403,212,Dominica,2019,71,95.237
1300,455404,212,Dominica,2020,71,95.993
1301,455405,212,Dominica,2021,72,96.55
1302,456656,214,Dominican Republic,2015,10405,215.393
1303,456657,214,Dominican Republic,2016,10527,217.913
1304,456658,214,Dominican Republic,2017,10647,220.39
1305,456659,214,Dominican Republic,2018,10765,222.838
1306,456660,214,Dominican Republic,2019,10881,225.246
1307,456661,214,Dominican Republic,2020,10999,227.684
1308,456662,214,Dominican Republic,2021,11117,230.131
1309,457913,308,Grenada,2015,118,349.94
1310,457914,308,Grenada,2016,119,352.841
1311,457915,308,Grenada,2017,120,355.649
1312,457916,308,Grenada,2018,121,358.347
1313,457917,308,Grenada,2019,122,360.951
1314,457918,308,Grenada,2020,123,363.715
1315,457919,308,Grenada,2021,124,366.5
1316,459170,312,Guadeloupe,2015,399,245.14
1317,459171,312,Guadeloupe,2016,397,244.382
1318,459172,312,Guadeloupe,2017,397,243.871
1319,459173,312,Guadeloupe,2018,396,243.404
1320,459174,312,Guadeloupe,2019,395,242.927
1321,459175,312,Guadeloupe,2020,395,243.023
1322,459176,312,Guadeloupe,2021,396,243.275
1323,460427,332,Haiti,2015,10563,383.175
1324,460428,332,Haiti,2016,10713,388.619
1325,460429,332,Haiti,2017,10863,394.049
1326,460430,332,Haiti,2018,11012,399.449
1327,460431,332,Haiti,2019,11160,404.818
1328,460432,332,Haiti,2020,11306,410.127
1329,460433,332,Haiti,2021,11447,415.233
1330,461684,388,Jamaica,2015,2794,258.028
1331,461685,388,Jamaica,2016,2802,258.79
1332,461686,388,Jamaica,2017,2808,259.314
1333,461687,388,Jamaica,2018,2811,259.634
1334,461688,388,Jamaica,2019,2813,259.813
1335,461689,388,Jamaica,2020,2820,260.428
1336,461690,388,Jamaica,2021,2827,261.098
1337,462941,474,Martinique,2015,383,361.807
1338,462942,474,Martinique,2016,380,358.816
1339,462943,474,Martinique,2017,377,356.086
1340,462944,474,Martinique,2018,374,353.623
1341,462945,474,Martinique,2019,372,351.174
1342,462946,474,Martinique,2020,370,349.425
1343,462947,474,Martinique,2021,368,347.92
1344,464198,500,Montserrat,2015,5,49.112
1345,464199,500,Montserrat,2016,5,49.364
1346,464200,500,Montserrat,2017,4,45.617
1347,464201,500,Montserrat,2018,4,42.316
1348,464202,500,Montserrat,2019,4,43.733
1349,464203,500,Montserrat,2020,4,43.689
1350,464204,500,Montserrat,2021,4,42.883
1351,465455,630,Puerto Rico,2015,3497,402.363
1352,465456,630,Puerto Rico,2016,3432,394.931
1353,465457,630,Puerto Rico,2017,3366,387.3
1354,465458,630,Puerto Rico,2018,3319,381.876
1355,465459,630,Puerto Rico,2019,3292,378.841
1356,465460,630,Puerto Rico,2020,3271,376.388
1357,465461,630,Puerto Rico,2021,3256,374.6
1358,466712,652,Saint Barthélemy,2015,9,438.318
1359,466713,652,Saint Barthélemy,2016,9,447.386
1360,466714,652,Saint Barthélemy,2017,10,456.568
1361,466715,652,Saint Barthélemy,2018,10,466.273
1362,466716,652,Saint Barthélemy,2019,10,476.386
1363,466717,652,Saint Barthélemy,2020,10,485.477
1364,466718,652,Saint Barthélemy,2021,10,493.705
1365,467969,659,Saint Kitts and Nevis,2015,47,183.808
1366,467970,659,Saint Kitts and Nevis,2016,47,183.798
1367,467971,659,Saint Kitts and Nevis,2017,47,183.79
1368,467972,659,Saint Kitts and Nevis,2018,47,183.696
1369,467973,659,Saint Kitts and Nevis,2019,47,183.506
1370,467974,659,Saint Kitts and Nevis,2020,47,183.24
1371,467975,659,Saint Kitts and Nevis,2021,47,183.102
1372,469226,662,Saint Lucia,2015,175,285.102
1373,469227,662,Saint Lucia,2016,176,286.386
1374,469228,662,Saint Lucia,2017,177,287.603
1375,469229,662,Saint Lucia,2018,177,288.779
1376,469230,662,Saint Lucia,2019,178,289.908
1377,469231,662,Saint Lucia,2020,179,290.968
1378,469232,662,Saint Lucia,2021,179,291.642
1379,470483,663,"Saint Martin, French part",2015,35,660.755
1380,470484,663,"Saint Martin, French part",2016,34,656.811
1381,470485,663,"Saint Martin, French part",2017,34,650.877
1382,470486,663,"Saint Martin, French part",2018,33,638.708
1383,470487,663,"Saint Martin, French part",2019,33,624.934
1384,470488,663,"Saint Martin, French part",2020,32,614.208
1385,470489,663,"Saint Martin, French part",2021,31,602.783
1386,471740,670,Saint Vincent and the Grenadines,2015,106,273.031
1387,471741,670,Saint Vincent and the Grenadines,2016,105,271.699
1388,471742,670,Saint Vincent and the Grenadines,2017,105,270.637
1389,471743,670,Saint Vincent and the Grenadines,2018,105,269.95
1390,471744,670,Saint Vincent and the Grenadines,2019,104,269.035
1391,471745,670,Saint Vincent and the Grenadines,2020,104,268.288
1392,471746,670,Saint Vincent and the Grenadines,2021,104,267.518
1393,472997,534,"Sint Maarten, Dutch part",2015,40,1182.485
1394,472998,534,"Sint Maarten, Dutch part",2016,41,1216.059
1395,472999,534,"Sint Maarten, Dutch part",2017,41,1231.838
1396,473000,534,"Sint Maarten, Dutch part",2018,42,1242.544
1397,473001,534,"Sint Maarten, Dutch part",2019,42,1264.118
1398,473002,534,"Sint Maarten, Dutch part",2020,43,1282.985
1399,473003,534,"Sint Maarten, Dutch part",2021,44,1295.353
1400,474254,780,Trinidad and Tobago,2015,1460,284.635
1401,474255,780,Trinidad and Tobago,2016,1469,286.419
1402,474256,780,Trinidad and Tobago,2017,1478,288.227
1403,474257,780,Trinidad and Tobago,2018,1504,293.316
1404,474258,780,Trinidad and Tobago,2019,1519,296.288
1405,474259,780,Trinidad and Tobago,2020,1518,295.935
1406,474260,780,Trinidad and Tobago,2021,1525,297.4
1407,475511,796,Turks and Caicos Islands,2015,36,38.461
1408,475512,796,Turks and Caicos Islands,2016,38,40.259
1409,475513,796,Turks and Caicos Islands,2017,39,41.941
1410,475514,796,Turks and Caicos Islands,2018,41,43.671
1411,475515,796,Turks and Caicos Islands,2019,43,45.347
1412,475516,796,Turks and Caicos Islands,2020,44,46.607
1413,475517,796,Turks and Caicos Islands,2021,45,47.488
1414,476768,850,"Virgin Islands, US",2015,102,293.724
1415,476769,850,"Virgin Islands, US",2016,102,292.33
1416,476770,850,"Virgin Islands, US",2017,101,291.003
1417,476771,850,"Virgin Islands, US",2018,101,289.613
1418,476772,850,"Virgin Islands, US",2019,100,288.076
1419,476773,850,"Virgin Islands, US",2020,100,286.979
1420,476774,850,"Virgin Islands, US",2021,100,285.974
1421,478025,916,Central America,2015,167187,67.836
1422,478026,916,Central America,2016,169249,68.673
1423,478027,916,Central America,2017,171256,69.487
1424,478028,916,Central America,2018,173093,70.232
1425,478029,916,Central America,2019,174800,70.925
1426,478030,916,Central America,2020,176343,71.551
1427,478031,916,Central America,2021,177661,72.086
1428,479282,84,Belize,2015,359,15.777
1429,479283,84,Belize,2016,367,16.103
1430,479284,84,Belize,2017,374,16.427
1431,479285,84,Belize,2018,382,16.75
1432,479286,84,Belize,2019,389,17.058
1433,479287,84,Belize,2020,394,17.313
1434,479288,84,Belize,2021,400,17.538
1435,480539,188,Costa Rica,2015,4895,95.872
1436,480540,188,Costa Rica,2016,4945,96.851
1437,480541,188,Costa Rica,2017,4993,97.803
1438,480542,188,Costa Rica,2018,5040,98.722
1439,480543,188,Costa Rica,2019,5084,99.58
1440,480544,188,Costa Rica,2020,5123,100.335
1441,480545,188,Costa Rica,2021,5153,100.939
1442,481796,222,El Salvador,2015,6231,300.727
1443,481797,222,El Salvador,2016,6250,301.666
1444,481798,222,El Salvador,2017,6266,302.445
1445,481799,222,El Salvador,2018,6276,302.912
1446,481800,222,El Salvador,2019,6280,303.099
1447,481801,222,El Salvador,2020,6292,303.703
1448,481802,222,El Salvador,2021,6314,304.738
1449,483053,320,Guatemala,2015,16001,149.32
1450,483054,320,Guatemala,2016,16291,152.025
1451,483055,320,Guatemala,2017,16578,154.71
1452,483056,320,Guatemala,2018,16850,157.243
1453,483057,320,Guatemala,2019,17106,159.634
1454,483058,320,Guatemala,2020,17362,162.026
1455,483059,320,Guatemala,2021,17608,164.32
1456,484310,340,Honduras,2015,9294,85.213
1457,484311,340,Honduras,2016,9460,86.737
1458,484312,340,Honduras,2017,9626,88.26
1459,484313,340,Honduras,2018,9792,89.782
1460,484314,340,Honduras,2019,9958,91.303
1461,484315,340,Honduras,2020,10121,92.797
1462,484316,340,Honduras,2021,10278,94.233
1463,485567,484,Mexico,2015,120149,61.324
1464,485568,484,Mexico,2016,121519,62.023
1465,485569,484,Mexico,2017,122839,62.697
1466,485570,484,Mexico,2018,124013,63.297
1467,485571,484,Mexico,2019,125085,63.844
1468,485572,484,Mexico,2020,125998,64.31
1469,485573,484,Mexico,2021,126705,64.67
1470,486824,558,Nicaragua,2015,6298,52.34
1471,486825,558,Nicaragua,2016,6389,53.093
1472,486826,558,Nicaragua,2017,6480,53.852
1473,486827,558,Nicaragua,2018,6572,54.614
1474,486828,558,Nicaragua,2019,6663,55.376
1475,486829,558,Nicaragua,2020,6755,56.14
1476,486830,558,Nicaragua,2021,6850,56.927
1477,488081,591,Panama,2015,3957,53.347
1478,488082,591,Panama,2016,4026,54.28
1479,488083,591,Panama,2017,4096,55.22
1480,488084,591,Panama,2018,4165,56.153
1481,488085,591,Panama,2019,4232,57.06
1482,488086,591,Panama,2020,4294,57.894
1483,488087,591,Panama,2021,4351,58.661
1484,489338,931,South America,2015,413134,23.501
1485,489339,931,South America,2016,417101,23.726
1486,489340,931,South America,2017,420982,23.947
1487,489341,931,South America,2018,424740,24.161
1488,489342,931,South America,2019,428318,24.364
1489,489343,931,South America,2020,431530,24.547
1490,489344,931,South America,2021,434254,24.702
1491,490595,32,Argentina,2015,43257,15.494
1492,490596,32,Argentina,2016,43668,15.642
1493,490597,32,Argentina,2017,44054,15.78
1494,490598,32,Argentina,2018,44413,15.909
1495,490599,32,Argentina,2019,44745,16.027
1496,490600,32,Argentina,2020,45036,16.131
1497,490601,32,Argentina,2021,45276,16.218
1498,491852,68,Bolivia,2015,11090,10.237
1499,491853,68,Bolivia,2016,11263,10.397
1500,491854,68,Bolivia,2017,11435,10.556
1501,491855,68,Bolivia,2018,11606,10.714
1502,491856,68,Bolivia,2019,11777,10.872
1503,491857,68,Bolivia,2020,11936,11.018
1504,491858,68,Bolivia,2021,12079,11.151
1505,493109,76,Brazil,2015,205188,24.55
1506,493110,76,Brazil,2016,206859,24.749
1507,493111,76,Brazil,2017,208504,24.946
1508,493112,76,Brazil,2018,210166,25.145
1509,493113,76,Brazil,2019,211782,25.339
1510,493114,76,Brazil,2020,213196,25.508
1511,493115,76,Brazil,2021,214326,25.643
1512,494366,152,Chile,2015,17870,23.733
1513,494367,152,Chile,2016,18083,24.017
1514,494368,152,Chile,2017,18368,24.395
1515,494369,152,Chile,2018,18701,24.837
1516,494370,152,Chile,2019,19039,25.286
1517,494371,152,Chile,2020,19300,25.633
1518,494372,152,Chile,2021,19493,25.889
1519,495623,170,Colombia,2015,47119,41.933
1520,495624,170,Colombia,2016,47625,42.384
1521,495625,170,Colombia,2017,48351,43.029
1522,495626,170,Colombia,2018,49276,43.853
1523,495627,170,Colombia,2019,50187,44.663
1524,495628,170,Colombia,2020,50930,45.325
1525,495629,170,Colombia,2021,51516,45.846
1526,496880,218,Ecuador,2015,16195,65.211
1527,496881,218,Ecuador,2016,16439,66.193
1528,496882,218,Ecuador,2017,16696,67.229
1529,496883,218,Ecuador,2018,17015,68.512
1530,496884,218,Ecuador,2019,17343,69.833
1531,496885,218,Ecuador,2020,17588,70.819
1532,496886,218,Ecuador,2021,17797,71.661
1533,498137,238,Falkland Islands,2015,3,0.28
1534,498138,238,Falkland Islands,2016,3,0.288
1535,498139,238,Falkland Islands,2017,3,0.296
1536,498140,238,Falkland Islands,2018,3,0.3
1537,498141,238,Falkland Islands,2019,3,0.305
1538,498142,238,Falkland Islands,2020,3,0.308
1539,498143,238,Falkland Islands,2021,3,0.309
1540,499394,254,French Guiana,2015,257,3.127
1541,499395,254,French Guiana,2016,262,3.197
1542,499396,254,French Guiana,2017,269,3.277
1543,499397,254,French Guiana,2018,276,3.366
1544,499398,254,French Guiana,2019,284,3.456
1545,499399,254,French Guiana,2020,290,3.54
1546,499400,254,French Guiana,2021,297,3.619
1547,500651,328,Guyana,2015,755,3.836
1548,500652,328,Guyana,2016,759,3.856
1549,500653,328,Guyana,2017,763,3.877
1550,500654,328,Guyana,2018,785,3.99
1551,500655,328,Guyana,2019,798,4.058
1552,500656,328,Guyana,2020,797,4.05
1553,500657,328,Guyana,2021,804,4.087
1554,501908,600,Paraguay,2015,6177,15.274
1555,501909,600,Paraguay,2016,6266,15.494
1556,501910,600,Paraguay,2017,6355,15.713
1557,501911,600,Paraguay,2018,6443,15.931
1558,501912,600,Paraguay,2019,6530,16.145
1559,501913,600,Paraguay,2020,6618,16.364
1560,501914,600,Paraguay,2021,6703,16.575
1561,503165,604,Peru,2015,30711,23.992
1562,503166,604,Peru,2016,31132,24.321
1563,503167,604,Peru,2017,31605,24.69
1564,503168,604,Peru,2018,32203,25.158
1565,503169,604,Peru,2019,32824,25.643
1566,503170,604,Peru,2020,33304,26.018
1567,503171,604,Peru,2021,33715,26.338
1568,504422,740,Suriname,2015,575,3.689
1569,504423,740,Suriname,2016,581,3.727
1570,504424,740,Suriname,2017,587,3.766
1571,504425,740,Suriname,2018,593,3.806
1572,504426,740,Suriname,2019,600,3.848
1573,504427,740,Suriname,2020,607,3.891
1574,504428,740,Suriname,2021,612,3.929
1575,505679,858,Uruguay,2015,3402,19.647
1576,505680,858,Uruguay,2016,3413,19.71
1577,505681,858,Uruguay,2017,3422,19.759
1578,505682,858,Uruguay,2018,3427,19.787
1579,505683,858,Uruguay,2019,3428,19.795
1580,505684,858,Uruguay,2020,3429,19.799
1581,505685,858,Uruguay,2021,3426,19.783
1582,506936,862,Venezuela,2015,30529,33.313
1583,506937,862,Venezuela,2016,30741,33.544
1584,506938,862,Venezuela,2017,30563,33.35
1585,506939,862,Venezuela,2018,29825,32.545
1586,506940,862,Venezuela,2019,28971,31.613
1587,506941,862,Venezuela,2020,28490,31.088
1588,506942,862,Venezuela,2021,28199,30.771
1589,508193,905,Northern America,2015,360464,19.326
1590,508194,905,Northern America,2016,363448,19.486
1591,508195,905,Northern America,2017,366470,19.648
1592,508196,905,Northern America,2018,369300,19.8
1593,508197,905,Northern America,2019,371967,19.943
1594,508198,905,Northern America,2020,373956,20.049
1595,508199,905,Northern America,2021,375278,20.12
1596,509450,60,Bermuda,2015,63,1169.333
1597,509451,60,Bermuda,2016,63,1167.926
1598,509452,60,Bermuda,2017,63,1171.759
1599,509453,60,Bermuda,2018,63,1177.241
1600,509454,60,Bermuda,2019,63,1181.694
1601,509455,60,Bermuda,2020,64,1185.75
1602,509456,60,Bermuda,2021,64,1188.611
1603,510707,124,Canada,2015,35732,3.929
1604,510708,124,Canada,2016,36113,3.971
1605,510709,124,Canada,2017,36554,4.02
1606,510710,124,Canada,2018,37035,4.073
1607,510711,124,Canada,2019,37522,4.126
1608,510712,124,Canada,2020,37888,4.167
1609,510713,124,Canada,2021,38155,4.196
1610,511964,304,Greenland,2015,55,0.136
1611,511965,304,Greenland,2016,55,0.136
1612,511966,304,Greenland,2017,55,0.136
1613,511967,304,Greenland,2018,55,0.136
1614,511968,304,Greenland,2019,55,0.136
1615,511969,304,Greenland,2020,56,0.137
1616,511970,304,Greenland,2021,56,0.137
1617,513221,666,Saint Pierre and Miquelon,2015,5,25.991
1618,513222,666,Saint Pierre and Miquelon,2016,5,25.935
1619,513223,666,Saint Pierre and Miquelon,2017,5,25.9
1620,513224,666,Saint Pierre and Miquelon,2018,5,25.846
1621,513225,666,Saint Pierre and Miquelon,2019,5,25.761
1622,513226,666,Saint Pierre and Miquelon,2020,5,25.676
1623,513227,666,Saint Pierre and Miquelon,2021,5,25.576
1624,514478,840,United States of America,2015,324607,35.486
1625,514479,840,United States of America,2016,327210,35.77
1626,514480,840,United States of America,2017,329791,36.052
1627,514481,840,United States of America,2018,332140,36.309
1628,514482,840,United States of America,2019,334319,36.547
1629,514483,840,United States of America,2020,335942,36.725
1630,514484,840,United States of America,2021,336997,36.84
1631,515735,909,Oceania,2015,40403,4.76
1632,515736,909,Oceania,2016,41100,4.842
1633,515737,909,Oceania,2017,41816,4.926
1634,515738,909,Oceania,2018,42539,5.011
1635,515739,909,Oceania,2019,43278,5.098
1636,515740,909,Oceania,2020,43933,5.176
1637,515741,909,Oceania,2021,44491,5.241
1638,518249,36,Australia,2015,23820,3.101
1639,518250,36,Australia,2016,24195,3.15
1640,518251,36,Australia,2017,24590,3.201
1641,518252,36,Australia,2018,24979,3.252
1642,518253,36,Australia,2019,25357,3.301
1643,518254,36,Australia,2020,25670,3.341
1644,518255,36,Australia,2021,25921,3.374
1645,519506,554,New Zealand,2015,4590,17.329
1646,519507,554,New Zealand,2016,4668,17.622
1647,519508,554,New Zealand,2017,4746,17.917
1648,519509,554,New Zealand,2018,4838,18.265
1649,519510,554,New Zealand,2019,4959,18.72
1650,519511,554,New Zealand,2020,5061,19.106
1651,519512,554,New Zealand,2021,5129,19.365
1652,520763,928,Melanesia,2015,10771,20.308
1653,520764,928,Melanesia,2016,11012,20.763
1654,520765,928,Melanesia,2017,11252,21.214
1655,520766,928,Melanesia,2018,11489,21.662
1656,520767,928,Melanesia,2019,11725,22.107
1657,520768,928,Melanesia,2020,11959,22.548
1658,520769,928,Melanesia,2021,12188,22.981
1659,522020,242,Fiji,2015,917,50.203
1660,522021,242,Fiji,2016,918,50.267
1661,522022,242,Fiji,2017,919,50.302
1662,522023,242,Fiji,2018,918,50.301
1663,522024,242,Fiji,2019,918,50.272
1664,522025,242,Fiji,2020,920,50.379
1665,522026,242,Fiji,2021,924,50.608
1666,523277,540,New Caledonia,2015,283,15.483
1667,523278,540,New Caledonia,2016,283,15.522
1668,523279,540,New Caledonia,2017,284,15.555
1669,523280,540,New Caledonia,2018,284,15.584
1670,523281,540,New Caledonia,2019,285,15.611
1671,523282,540,New Caledonia,2020,286,15.668
1672,523283,540,New Caledonia,2021,287,15.744
1673,524534,598,Papua New Guinea,2015,8682,19.172
1674,524535,598,Papua New Guinea,2016,8899,19.651
1675,524536,598,Papua New Guinea,2017,9114,20.127
1676,524537,598,Papua New Guinea,2018,9329,20.601
1677,524538,598,Papua New Guinea,2019,9542,21.072
1678,524539,598,Papua New Guinea,2020,9749,21.529
1679,524540,598,Papua New Guinea,2021,9949,21.97
1680,525791,90,Solomon Islands,2015,612,21.276
1681,525792,90,Solomon Islands,2016,628,21.812
1682,525793,90,Solomon Islands,2017,643,22.352
1683,525794,90,Solomon Islands,2018,659,22.894
1684,525795,90,Solomon Islands,2019,674,23.441
1685,525796,90,Solomon Islands,2020,691,24.003
1686,525797,90,Solomon Islands,2021,707,24.582
1687,527048,548,Vanuatu,2015,276,22.677
1688,527049,548,Vanuatu,2016,283,23.234
1689,527050,548,Vanuatu,2017,290,23.81
1690,527051,548,Vanuatu,2018,297,24.389
1691,527052,548,Vanuatu,2019,304,24.972
1692,527053,548,Vanuatu,2020,311,25.569
1693,527054,548,Vanuatu,2021,319,26.18
1694,528305,954,Micronesia,2015,524,169.925
1695,528306,954,Micronesia,2016,525,170.395
1696,528307,954,Micronesia,2017,526,170.828
1697,528308,954,Micronesia,2018,527,171.19
1698,528309,954,Micronesia,2019,528,171.491
1699,528310,954,Micronesia,2020,531,172.208
1700,528311,954,Micronesia,2021,534,173.348
1701,529562,316,Guam,2015,167,310.495
1702,529563,316,Guam,2016,168,311.177
1703,529564,316,Guam,2017,168,311.656
1704,529565,316,Guam,2018,168,311.789
1705,529566,316,Guam,2019,168,311.689
1706,529567,316,Guam,2020,169,312.811
1707,529568,316,Guam,2021,170,315.22
1708,530819,296,Kiribati,2015,116,160.753
1709,530820,296,Kiribati,2016,118,163.241
1710,530821,296,Kiribati,2017,120,165.789
1711,530822,296,Kiribati,2018,122,168.404
1712,530823,296,Kiribati,2019,124,171.131
1713,530824,296,Kiribati,2020,126,174.192
1714,530825,296,Kiribati,2021,128,177.512
1715,532076,584,Marshall Islands,2015,49,274.497
1716,532077,584,Marshall Islands,2016,48,268.494
1717,532078,584,Marshall Islands,2017,47,262.147
1718,532079,584,Marshall Islands,2018,45,255.494
1719,532080,584,Marshall Islands,2019,44,248.492
1720,532081,584,Marshall Islands,2020,43,241.186
1721,532082,584,Marshall Islands,2021,42,233.611
1722,533333,583,Micronesia (Fed. States of),2015,109,156.374
1723,533334,583,Micronesia (Fed. States of),2016,109,157.036
1724,533335,583,Micronesia (Fed. States of),2017,110,157.758
1725,533336,583,Micronesia (Fed. States of),2018,110,158.47
1726,533337,583,Micronesia (Fed. States of),2019,111,159.112
1727,533338,583,Micronesia (Fed. States of),2020,112,160.152
1728,533339,583,Micronesia (Fed. States of),2021,113,161.616
1729,534590,520,Nauru,2015,11,559.275
1730,534591,520,Nauru,2016,11,571.825
1731,534592,520,Nauru,2017,11,584.125
1732,534593,520,Nauru,2018,11,596.2
1733,534594,520,Nauru,2019,12,606.575
1734,534595,520,Nauru,2020,12,615.75
1735,534596,520,Nauru,2021,12,625.575
1736,535847,580,Northern Mariana Islands,2015,51,112.722
1737,535848,580,Northern Mariana Islands,2016,51,111.888
1738,535849,580,Northern Mariana Islands,2017,50,111.004
1739,535850,580,Northern Mariana Islands,2018,50,110.074
1740,535851,580,Northern Mariana Islands,2019,49,109.098
1741,535852,580,Northern Mariana Islands,2020,49,108.504
1742,535853,580,Northern Mariana Islands,2021,49,108.275
1743,537104,585,Palau,2015,17,38.683
1744,537105,585,Palau,2016,17,38.73
1745,537106,585,Palau,2017,17,38.775
1746,537107,585,Palau,2018,17,38.836
1747,537108,585,Palau,2019,17,38.949
1748,537109,585,Palau,2020,17,39.07
1749,537110,585,Palau,2021,18,39.183
1750,538361,957,Polynesia,2015,696,86.615
1751,538362,957,Polynesia,2016,698,86.874
1752,538363,957,Polynesia,2017,701,87.183
1753,538364,957,Polynesia,2018,704,87.537
1754,538365,957,Polynesia,2019,707,87.913
1755,538366,957,Polynesia,2020,711,88.468
1756,538367,957,Polynesia,2021,717,89.171
1757,539618,16,American Samoa,2015,51,256.84
1758,539619,16,American Samoa,2016,50,252.24
1759,539620,16,American Samoa,2017,49,247.315
1760,539621,16,American Samoa,2018,48,242.12
1761,539622,16,American Samoa,2019,47,236.602
1762,539623,16,American Samoa,2020,46,230.945
1763,539624,16,American Samoa,2021,45,225.175
1764,540875,184,Cook Islands,2015,17,73.731
1765,540876,184,Cook Islands,2016,17,73.108
1766,540877,184,Cook Islands,2017,17,72.481
1767,540878,184,Cook Islands,2018,17,71.885
1768,540879,184,Cook Islands,2019,17,71.292
1769,540880,184,Cook Islands,2020,17,70.952
1770,540881,184,Cook Islands,2021,17,70.844
1771,542132,258,French Polynesia,2015,291,79.204
1772,542133,258,French Polynesia,2016,293,79.68
1773,542134,258,French Polynesia,2017,295,80.198
1774,542135,258,French Polynesia,2018,297,80.783
1775,542136,258,French Polynesia,2019,299,81.357
1776,542137,258,French Polynesia,2020,301,81.954
1777,542138,258,French Polynesia,2021,304,82.528
1778,543389,570,Niue,2015,1,7.102
1779,543390,570,Niue,2016,1,7.158
1780,543391,570,Niue,2017,1,7.188
1781,543392,570,Niue,2018,1,7.256
1782,543393,570,Niue,2019,1,7.387
1783,543394,570,Niue,2020,1,7.471
1784,543395,570,Niue,2021,1,7.45
1785,544646,882,Samoa,2015,203,71.933
1786,544647,882,Samoa,2016,205,72.63
1787,544648,882,Samoa,2017,207,73.367
1788,544649,882,Samoa,2018,209,74.099
1789,544650,882,Samoa,2019,211,74.878
1790,544651,882,Samoa,2020,214,75.947
1791,544652,882,Samoa,2021,218,77.302
1792,545903,772,Tokelau,2015,1,121.208
1793,545904,772,Tokelau,2016,1,118.875
1794,545905,772,Tokelau,2017,1,123.833
1795,545906,772,Tokelau,2018,1,135.083
1796,545907,772,Tokelau,2019,1,146.0
1797,545908,772,Tokelau,2020,1,152.208
1798,545909,772,Tokelau,2021,1,154.083
1799,547160,776,Tonga,2015,106,163.265
1800,547161,776,Tonga,2016,105,162.627
1801,547162,776,Tonga,2017,105,162.177
1802,547163,776,Tonga,2018,105,161.77
1803,547164,776,Tonga,2019,104,161.462
1804,547165,776,Tonga,2020,105,161.929
1805,547166,776,Tonga,2021,106,163.103
1806,548417,798,Tuvalu,2015,10,362.567
1807,548418,798,Tuvalu,2016,10,361.733
1808,548419,798,Tuvalu,2017,10,360.917
1809,548420,798,Tuvalu,2018,10,362.167
1810,548421,798,Tuvalu,2019,10,365.2
1811,548422,798,Tuvalu,2020,11,368.967
1812,548423,798,Tuvalu,2021,11,373.45
1813,549674,876,Wallis and Futuna,2015,12,87.018
1814,549675,876,Wallis and Futuna,2016,12,86.146
1815,549676,876,Wallis and Futuna,2017,11,85.257
1816,549677,876,Wallis and Futuna,2018,11,84.396
1817,549678,876,Wallis and Futuna,2019,11,83.671
1818,549679,876,Wallis and Futuna,2020,11,83.246
1819,549680,876,Wallis and Futuna,2021,11,83.054
