,LocID,Country,Year,Total population,Population density
221597,108,Burundi,2015,10727,413.378
221598,108,Burundi,2016,10903,420.167
221599,108,Burundi,2017,11155,429.888
221600,108,Burundi,2018,11493,442.908
221601,108,Burundi,2019,11874,457.605
221602,108,Burundi,2020,12220,470.914
221603,108,Burundi,2021,12551,483.669
222854,174,Comoros,2015,730,392.378
222855,174,Comoros,2016,746,400.984
222856,174,Comoros,2017,761,409.277
222857,174,Comoros,2018,776,417.149
222858,174,Comoros,2019,790,425.033
222859,174,Comoros,2020,806,433.19
222860,174,Comoros,2021,821,441.497
224111,262,Djibouti,2015,1006,43.411
224112,262,Djibouti,2016,1023,44.144
224113,262,Djibouti,2017,1040,44.876
224114,262,Djibouti,2018,1057,45.608
224115,262,Djibouti,2019,1073,46.333
224116,262,Djibouti,2020,1090,47.03
224117,262,Djibouti,2021,1105,47.694
225368,232,Eritrea,2015,3340,27.571
225369,232,Eritrea,2016,3365,27.779
225370,232,Eritrea,2017,3396,28.04
225371,232,Eritrea,2018,3445,28.44
225372,232,Eritrea,2019,3498,28.881
225373,232,Eritrea,2020,3555,29.352
225374,232,Eritrea,2021,3620,29.884
226625,231,Ethiopia,2015,102471,102.472
226626,231,Ethiopia,2016,105293,105.293
226627,231,Ethiopia,2017,108197,108.198
226628,231,Ethiopia,2018,111129,111.129
226629,231,Ethiopia,2019,114120,114.121
226630,231,Ethiopia,2020,117190,117.191
226631,231,Ethiopia,2021,120283,120.283
227882,404,Kenya,2015,46851,80.677
227883,404,Kenya,2016,47894,82.473
227884,404,Kenya,2017,48948,84.288
227885,404,Kenya,2018,49953,86.018
227886,404,Kenya,2019,50951,87.737
227887,404,Kenya,2020,51985,89.518
227888,404,Kenya,2021,53005,91.274
229139,450,Madagascar,2015,24850,42.714
229140,450,Madagascar,2016,25501,43.833
229141,450,Madagascar,2017,26169,44.981
229142,450,Madagascar,2018,26846,46.144
229143,450,Madagascar,2019,27533,47.324
229144,450,Madagascar,2020,28225,48.514
229145,450,Madagascar,2021,28915,49.701
230396,454,Malawi,2015,16938,179.149
230397,454,Malawi,2016,17405,184.085
230398,454,Malawi,2017,17881,189.115
230399,454,Malawi,2018,18367,194.262
230400,454,Malawi,2019,18867,199.545
230401,454,Malawi,2020,19377,204.936
230402,454,Malawi,2021,19889,210.358
231653,480,Mauritius,2015,1293,637.021
231654,480,Mauritius,2016,1293,637.395
231655,480,Mauritius,2017,1294,637.803
231656,480,Mauritius,2018,1295,638.119
231657,480,Mauritius,2019,1296,638.561
231658,480,Mauritius,2020,1297,639.324
231659,480,Mauritius,2021,1298,639.859
232910,175,Mayotte,2015,249,665.453
232911,175,Mayotte,2016,260,694.088
232912,175,Mayotte,2017,271,724.173
232913,175,Mayotte,2018,282,754.545
232914,175,Mayotte,2019,294,785.304
232915,175,Mayotte,2020,305,814.897
232916,175,Mayotte,2021,316,842.704
234167,508,Mozambique,2015,26843,34.135
234168,508,Mozambique,2016,27696,35.22
234169,508,Mozambique,2017,28569,36.33
234170,508,Mozambique,2018,29423,37.417
234171,508,Mozambique,2019,30285,38.513
234172,508,Mozambique,2020,31178,39.648
234173,508,Mozambique,2021,32077,40.791
235424,638,Réunion,2015,922,368.998
235425,638,Réunion,2016,926,370.651
235426,638,Réunion,2017,932,373.096
235427,638,Réunion,2018,941,376.475
235428,638,Réunion,2019,949,379.768
235429,638,Réunion,2020,957,383.129
235430,638,Réunion,2021,966,386.452
236681,646,Rwanda,2015,11642,480.915
236682,646,Rwanda,2016,11930,492.809
236683,646,Rwanda,2017,12230,505.177
236684,646,Rwanda,2018,12531,517.629
236685,646,Rwanda,2019,12835,530.154
236686,646,Rwanda,2020,13146,543.014
236687,646,Rwanda,2021,13461,556.047
237938,690,Seychelles,2015,99,217.155
237939,690,Seychelles,2016,100,219.931
237940,690,Seychelles,2017,101,222.78
237941,690,Seychelles,2018,103,225.604
237942,690,Seychelles,2019,104,228.386
237943,690,Seychelles,2020,105,230.919
237944,690,Seychelles,2021,106,232.977
239195,706,Somalia,2015,13763,21.94
239196,706,Somalia,2016,14292,22.783
239197,706,Somalia,2017,14864,23.694
239198,706,Somalia,2018,15411,24.566
239199,706,Somalia,2019,15981,25.475
239200,706,Somalia,2020,16537,26.361
239201,706,Somalia,2021,17065,27.203
240452,728,South Sudan,2015,11194,19.843
240453,728,South Sudan,2016,11066,19.615
240454,728,South Sudan,2017,10658,18.892
240455,728,South Sudan,2018,10395,18.426
240456,728,South Sudan,2019,10447,18.519
240457,728,South Sudan,2020,10606,18.8
240458,728,South Sudan,2021,10748,19.052
241709,800,Uganda,2015,37477,187.568
241710,800,Uganda,2016,38748,193.929
241711,800,Uganda,2017,40127,200.829
241712,800,Uganda,2018,41515,207.777
241713,800,Uganda,2019,42949,214.953
241714,800,Uganda,2020,44404,222.238
241715,800,Uganda,2021,45853,229.49
242966,834,United Republic of Tanzania,2015,52542,59.317
242967,834,United Republic of Tanzania,2016,54401,61.415
242968,834,United Republic of Tanzania,2017,56267,63.521
242969,834,United Republic of Tanzania,2018,58090,65.579
242970,834,United Republic of Tanzania,2019,59872,67.591
242971,834,United Republic of Tanzania,2020,61704,69.659
242972,834,United Republic of Tanzania,2021,63588,71.786
244223,894,Zambia,2015,16248,21.857
244224,894,Zambia,2016,16767,22.556
244225,894,Zambia,2017,17298,23.269
244226,894,Zambia,2018,17835,23.993
244227,894,Zambia,2019,18380,24.725
244228,894,Zambia,2020,18927,25.461
244229,894,Zambia,2021,19473,26.195
245480,716,Zimbabwe,2015,14154,36.59
245481,716,Zimbabwe,2016,14452,37.36
245482,716,Zimbabwe,2017,14751,38.131
245483,716,Zimbabwe,2018,15052,38.91
245484,716,Zimbabwe,2019,15354,39.691
245485,716,Zimbabwe,2020,15669,40.506
245486,716,Zimbabwe,2021,15993,41.343
246737,911,Middle Africa,2015,157397,24.252
246738,911,Middle Africa,2016,162670,25.064
246739,911,Middle Africa,2017,168078,25.898
246740,911,Middle Africa,2018,173483,26.73
246741,911,Middle Africa,2019,178960,27.574
246742,911,Middle Africa,2020,184569,28.438
246743,911,Middle Africa,2021,190267,29.316
247994,24,Angola,2015,28127,22.562
247995,24,Angola,2016,29154,23.386
247996,24,Angola,2017,30208,24.231
247997,24,Angola,2018,31273,25.085
247998,24,Angola,2019,32353,25.951
247999,24,Angola,2020,33428,26.814
248000,24,Angola,2021,34503,27.676
249251,120,Cameroon,2015,23012,49.378
249252,120,Cameroon,2016,23711,50.878
249253,120,Cameroon,2017,24393,52.34
249254,120,Cameroon,2018,25076,53.807
249255,120,Cameroon,2019,25782,55.321
249256,120,Cameroon,2020,26491,56.842
249257,120,Cameroon,2021,27198,58.36
250508,140,Central African Republic,2015,4819,7.736
250509,140,Central African Republic,2016,4904,7.872
250510,140,Central African Republic,2017,4996,8.021
250511,140,Central African Republic,2018,5094,8.178
250512,140,Central African Republic,2019,5209,8.362
250513,140,Central African Republic,2020,5343,8.577
250514,140,Central African Republic,2021,5457,8.76
251765,148,Chad,2015,14140,11.23
251766,148,Chad,2016,14592,11.589
251767,148,Chad,2017,15085,11.981
251768,148,Chad,2018,15604,12.392
251769,148,Chad,2019,16126,12.807
251770,148,Chad,2020,16644,13.218
251771,148,Chad,2021,17179,13.643
253022,178,Congo,2015,5064,14.83
253023,178,Congo,2016,5186,15.188
253024,178,Congo,2017,5312,15.556
253025,178,Congo,2018,5441,15.933
253026,178,Congo,2019,5570,16.313
253027,178,Congo,2020,5702,16.697
253028,178,Congo,2021,5835,17.089
254279,180,Democratic Republic of the Congo,2015,78656,34.696
254280,180,Democratic Republic of the Congo,2016,81430,35.919
254281,180,Democratic Republic of the Congo,2017,84283,37.178
254282,180,Democratic Republic of the Congo,2018,87087,38.414
254283,180,Democratic Republic of the Congo,2019,89906,39.658
254284,180,Democratic Republic of the Congo,2020,92853,40.958
254285,180,Democratic Republic of the Congo,2021,95894,42.299
255536,226,Equatorial Guinea,2015,1346,48.02
255537,226,Equatorial Guinea,2016,1398,49.873
255538,226,Equatorial Guinea,2017,1450,51.718
255539,226,Equatorial Guinea,2018,1502,53.55
255540,226,Equatorial Guinea,2019,1553,55.367
255541,226,Equatorial Guinea,2020,1596,56.9
255542,226,Equatorial Guinea,2021,1634,58.27
256793,266,Gabon,2015,2028,7.873
256794,266,Gabon,2016,2086,8.096
256795,266,Gabon,2017,2140,8.306
256796,266,Gabon,2018,2192,8.507
256797,266,Gabon,2019,2242,8.704
256798,266,Gabon,2020,2292,8.897
256799,266,Gabon,2021,2341,9.086
258050,678,Sao Tome and Principe,2015,201,209.504
258051,678,Sao Tome and Principe,2016,204,213.159
258052,678,Sao Tome and Principe,2017,208,216.705
258053,678,Sao Tome and Principe,2018,211,220.15
258054,678,Sao Tome and Principe,2019,214,223.541
258055,678,Sao Tome and Principe,2020,218,227.751
258056,678,Sao Tome and Principe,2021,223,232.404
259307,912,Northern Africa,2015,228360,29.711
259308,912,Northern Africa,2016,233081,30.325
259309,912,Northern Africa,2017,237842,30.944
259310,912,Northern Africa,2018,242537,31.555
259311,912,Northern Africa,2019,247023,32.139
259312,912,Northern Africa,2020,251417,32.71
259313,912,Northern Africa,2021,255737,33.272
260564,12,Algeria,2015,39543,16.603
260565,12,Algeria,2016,40339,16.937
260566,12,Algeria,2017,41136,17.272
260567,12,Algeria,2018,41927,17.604
260568,12,Algeria,2019,42705,17.93
260569,12,Algeria,2020,43451,18.244
260570,12,Algeria,2021,44177,18.549
261821,818,Egypt,2015,97723,98.17
261822,818,Egypt,2016,99784,100.24
261823,818,Egypt,2017,101789,102.255
261824,818,Egypt,2018,103740,104.215
261825,818,Egypt,2019,105618,106.101
261826,818,Egypt,2020,107465,107.956
261827,818,Egypt,2021,109262,109.762
263078,434,Libya,2015,6192,3.694
263079,434,Libya,2016,6282,3.748
263080,434,Libya,2017,6378,3.805
263081,434,Libya,2018,6477,3.865
263082,434,Libya,2019,6569,3.919
263083,434,Libya,2020,6653,3.97
263084,434,Libya,2021,6735,4.018
264335,504,Morocco,2015,34680,77.707
264336,504,Morocco,2016,35107,78.663
264337,504,Morocco,2017,35528,79.606
264338,504,Morocco,2018,35927,80.501
264339,504,Morocco,2019,36304,81.345
264340,504,Morocco,2020,36688,82.207
264341,504,Morocco,2021,37076,83.075
265592,729,Sudan,2015,38171,21.626
265593,729,Sudan,2016,39377,22.309
265594,729,Sudan,2017,40679,23.047
265595,729,Sudan,2018,41999,23.795
265596,729,Sudan,2019,43232,24.493
265597,729,Sudan,2020,44440,25.178
265598,729,Sudan,2021,45657,25.867
266849,788,Tunisia,2015,11557,74.36
266850,788,Tunisia,2016,11685,75.183
266851,788,Tunisia,2017,11811,75.992
266852,788,Tunisia,2018,11933,76.774
266853,788,Tunisia,2019,12049,77.522
266854,788,Tunisia,2020,12161,78.246
266855,788,Tunisia,2021,12262,78.897
268106,732,Western Sahara,2015,491,1.849
268107,732,Western Sahara,2016,505,1.9
268108,732,Western Sahara,2017,518,1.951
268109,732,Western Sahara,2018,532,2.0
268110,732,Western Sahara,2019,544,2.048
268111,732,Western Sahara,2020,556,2.09
268112,732,Western Sahara,2021,565,2.126
269363,913,Southern Africa,2015,63716,23.967
269364,913,Southern Africa,2016,64384,24.218
269365,913,Southern Africa,2017,64729,24.348
269366,913,Southern Africa,2018,65555,24.658
269367,913,Southern Africa,2019,66428,24.987
269368,913,Southern Africa,2020,67272,25.304
269369,913,Southern Africa,2021,67984,25.572
270620,72,Botswana,2015,2305,4.067
270621,72,Botswana,2016,2352,4.151
270622,72,Botswana,2017,2401,4.238
270623,72,Botswana,2018,2451,4.326
270624,72,Botswana,2019,2499,4.411
270625,72,Botswana,2020,2546,4.493
270626,72,Botswana,2021,2588,4.567
271877,748,Eswatini,2015,1133,65.308
271878,748,Eswatini,2016,1142,65.802
271879,748,Eswatini,2017,1151,66.313
271880,748,Eswatini,2018,1160,66.833
271881,748,Eswatini,2019,1169,67.362
271882,748,Eswatini,2020,1180,67.998
271883,748,Eswatini,2021,1192,68.667
273134,426,Lesotho,2015,2118,69.78
273135,426,Lesotho,2016,2143,70.615
273136,426,Lesotho,2017,2170,71.496
273137,426,Lesotho,2018,2198,72.398
273138,426,Lesotho,2019,2225,73.31
273139,426,Lesotho,2020,2254,74.246
273140,426,Lesotho,2021,2281,75.147
274391,516,Namibia,2015,2282,2.773
274392,516,Namibia,2016,2323,2.822
274393,516,Namibia,2017,2364,2.872
274394,516,Namibia,2018,2405,2.922
274395,516,Namibia,2019,2446,2.972
274396,516,Namibia,2020,2489,3.023
274397,516,Namibia,2021,2530,3.073
275648,710,South Africa,2015,55876,45.77
275649,710,South Africa,2016,56422,46.217
275650,710,South Africa,2017,56641,46.396
275651,710,South Africa,2018,57339,46.968
275652,710,South Africa,2019,58087,47.581
275653,710,South Africa,2020,58801,48.166
275654,710,South Africa,2021,59392,48.65
276905,914,Western Africa,2015,358283,59.087
276906,914,Western Africa,2016,367903,60.674
276907,914,Western Africa,2017,377765,62.3
276908,914,Western Africa,2018,387741,63.946
276909,914,Western Africa,2019,397826,65.609
276910,914,Western Africa,2020,408124,67.307
276911,914,Western Africa,2021,418544,69.025
278162,204,Benin,2015,10932,96.956
278163,204,Benin,2016,11260,99.859
278164,204,Benin,2017,11596,102.845
278165,204,Benin,2018,11940,105.895
278166,204,Benin,2019,12290,108.996
278167,204,Benin,2020,12643,112.124
278168,204,Benin,2021,12996,115.262
279419,854,Burkina Faso,2015,18718,68.414
279420,854,Burkina Faso,2016,19275,70.451
279421,854,Burkina Faso,2017,19835,72.499
279422,854,Burkina Faso,2018,20392,74.535
279423,854,Burkina Faso,2019,20951,76.578
279424,854,Burkina Faso,2020,21522,78.665
279425,854,Burkina Faso,2021,22100,80.777
280676,132,Cabo Verde,2015,552,137.014
280677,132,Cabo Verde,2016,558,138.559
280678,132,Cabo Verde,2017,564,140.187
280679,132,Cabo Verde,2018,571,141.737
280680,132,Cabo Verde,2019,577,143.184
280681,132,Cabo Verde,2020,582,144.576
280682,132,Cabo Verde,2021,587,145.887
281933,384,Côte d'Ivoire,2015,23596,74.204
281934,384,Côte d'Ivoire,2016,24213,76.143
281935,384,Côte d'Ivoire,2017,24848,78.138
281936,384,Côte d'Ivoire,2018,25493,80.17
281937,384,Côte d'Ivoire,2019,26147,82.225
281938,384,Côte d'Ivoire,2020,26811,84.314
281939,384,Côte d'Ivoire,2021,27478,86.41
283190,270,Gambia,2015,2253,222.642
283191,270,Gambia,2016,2317,228.973
283192,270,Gambia,2017,2381,235.295
283193,270,Gambia,2018,2444,241.592
283194,270,Gambia,2019,2508,247.913
283195,270,Gambia,2020,2573,254.347
283196,270,Gambia,2021,2639,260.861
284447,288,Ghana,2015,28870,126.883
284448,288,Ghana,2016,29554,129.886
284449,288,Ghana,2017,30222,132.822
284450,288,Ghana,2018,30870,135.671
284451,288,Ghana,2019,31522,138.535
284452,288,Ghana,2020,32180,141.427
284453,288,Ghana,2021,32833,144.296
285704,324,Guinea,2015,11625,47.314
285705,324,Guinea,2016,11930,48.555
285706,324,Guinea,2017,12240,49.816
285707,324,Guinea,2018,12554,51.094
285708,324,Guinea,2019,12877,52.407
285709,324,Guinea,2020,13205,53.741
285710,324,Guinea,2021,13531,55.07
286961,624,Guinea-Bissau,2015,1788,63.617
286962,624,Guinea-Bissau,2016,1834,65.24
286963,624,Guinea-Bissau,2017,1879,66.85
286964,624,Guinea-Bissau,2018,1924,68.455
286965,624,Guinea-Bissau,2019,1970,70.073
286966,624,Guinea-Bissau,2020,2015,71.687
286967,624,Guinea-Bissau,2021,2060,73.283
288218,430,Liberia,2015,4612,47.885
288219,430,Liberia,2016,4706,48.859
288220,430,Liberia,2017,4796,49.799
288221,430,Liberia,2018,4889,50.762
288222,430,Liberia,2019,4985,51.758
288223,430,Liberia,2020,5087,52.82
288224,430,Liberia,2021,5193,53.918
289475,466,Mali,2015,18112,14.844
289476,466,Mali,2016,18700,15.326
289477,466,Mali,2017,19311,15.827
289478,466,Mali,2018,19934,16.337
289479,466,Mali,2019,20567,16.856
289480,466,Mali,2020,21224,17.394
289481,466,Mali,2021,21904,17.952
290732,478,Mauritania,2015,3946,3.829
290733,478,Mauritania,2016,4051,3.931
290734,478,Mauritania,2017,4160,4.036
290735,478,Mauritania,2018,4270,4.144
290736,478,Mauritania,2019,4383,4.253
290737,478,Mauritania,2020,4498,4.365
290738,478,Mauritania,2021,4614,4.478
291989,562,Niger,2015,20128,15.89
291990,562,Niger,2016,20921,16.517
291991,562,Niger,2017,21737,17.161
291992,562,Niger,2018,22577,17.824
291993,562,Niger,2019,23443,18.507
291994,562,Niger,2020,24333,19.21
291995,562,Niger,2021,25252,19.936
293246,566,Nigeria,2015,183995,202.022
293247,566,Nigeria,2016,188666,207.151
293248,566,Nigeria,2017,193495,212.453
293249,566,Nigeria,2018,198387,217.824
293250,566,Nigeria,2019,203304,223.223
293251,566,Nigeria,2020,208327,228.738
293252,566,Nigeria,2021,213401,234.309
294503,654,Saint Helena,2015,5,14.095
294504,654,Saint Helena,2016,5,14.128
294505,654,Saint Helena,2017,5,14.09
294506,654,Saint Helena,2018,5,14.031
294507,654,Saint Helena,2019,5,13.965
294508,654,Saint Helena,2020,5,13.899
294509,654,Saint Helena,2021,5,13.855
295760,686,Senegal,2015,14356,74.566
295761,686,Senegal,2016,14751,76.618
295762,686,Senegal,2017,15157,78.73
295763,686,Senegal,2018,15574,80.896
295764,686,Senegal,2019,16000,83.108
295765,686,Senegal,2020,16436,85.369
295766,686,Senegal,2021,16876,87.658
297017,694,Sierra Leone,2015,7314,101.962
297018,694,Sierra Leone,2016,7493,104.459
297019,694,Sierra Leone,2017,7677,107.019
297020,694,Sierra Leone,2018,7861,109.58
297021,694,Sierra Leone,2019,8046,112.167
297022,694,Sierra Leone,2020,8233,114.775
297023,694,Sierra Leone,2021,8420,117.377
298274,768,Togo,2015,7473,137.401
298275,768,Togo,2016,7661,140.86
298276,768,Togo,2017,7852,144.379
298277,768,Togo,2018,8046,147.944
298278,768,Togo,2019,8243,151.555
298279,768,Togo,2020,8442,155.223
298280,768,Togo,2021,8644,158.942
299531,935,Asia,2015,4459437,142.185
299532,935,Asia,2016,4504153,143.611
299533,935,Asia,2017,4548303,145.019
299534,935,Asia,2018,4590021,146.349
299535,935,Asia,2019,4628967,147.591
299536,935,Asia,2020,4664324,148.718
299537,935,Asia,2021,4694576,149.683
300788,5500,Central Asia,2015,68990,17.555
300789,5500,Central Asia,2016,70144,17.849
300790,5500,Central Asia,2017,71275,18.137
300791,5500,Central Asia,2018,72404,18.424
300792,5500,Central Asia,2019,73550,18.715
300793,5500,Central Asia,2020,74724,19.014
300794,5500,Central Asia,2021,75897,19.313
302045,398,Kazakhstan,2015,17835,6.607
302046,398,Kazakhstan,2016,18078,6.697
302047,398,Kazakhstan,2017,18314,6.784
302048,398,Kazakhstan,2018,18538,6.867
302049,398,Kazakhstan,2019,18754,6.947
302050,398,Kazakhstan,2020,18979,7.03
302051,398,Kazakhstan,2021,19196,7.111
303302,417,Kyrgyzstan,2015,5914,30.839
303303,417,Kyrgyzstan,2016,6018,31.378
303304,417,Kyrgyzstan,2017,6121,31.915
303305,417,Kyrgyzstan,2018,6223,32.448
303306,417,Kyrgyzstan,2019,6323,32.97
303307,417,Kyrgyzstan,2020,6424,33.498
303308,417,Kyrgyzstan,2021,6527,34.034
304559,762,Tajikistan,2015,8524,59.567
304560,762,Tajikistan,2016,8725,60.974
304561,762,Tajikistan,2017,8925,62.373
304562,762,Tajikistan,2018,9128,63.788
304563,762,Tajikistan,2019,9337,65.248
304564,762,Tajikistan,2020,9543,66.689
304565,762,Tajikistan,2021,9750,68.135
305816,795,Turkmenistan,2015,5766,12.271
305817,795,Turkmenistan,2016,5868,12.488
305818,795,Turkmenistan,2017,5968,12.701
305819,795,Turkmenistan,2018,6065,12.906
305820,795,Turkmenistan,2019,6158,13.105
305821,795,Turkmenistan,2020,6250,13.301
305822,795,Turkmenistan,2021,6341,13.495
307073,860,Uzbekistan,2015,30949,72.754
307074,860,Uzbekistan,2016,31453,73.939
307075,860,Uzbekistan,2017,31945,75.096
307076,860,Uzbekistan,2018,32449,76.28
307077,860,Uzbekistan,2019,32976,77.52
307078,860,Uzbekistan,2020,33526,78.812
307079,860,Uzbekistan,2021,34081,80.116
308330,906,Eastern Asia,2015,1631710,138.396
308331,906,Eastern Asia,2016,1640269,139.122
308332,906,Eastern Asia,2017,1648827,139.848
308333,906,Eastern Asia,2018,1655663,140.427
308334,906,Eastern Asia,2019,1660384,140.828
308335,906,Eastern Asia,2020,1663179,141.065
308336,906,Eastern Asia,2021,1663696,141.109
309587,156,China,2015,1393715,145.179
309588,156,China,2016,1401889,146.03
309589,156,China,2017,1410275,146.904
309590,156,China,2018,1417069,147.611
309591,156,China,2019,1421864,148.111
309592,156,China,2020,1424929,148.43
309593,156,China,2021,1425893,148.531
310844,344,"China, Hong Kong SAR",2015,7399,6733.247
310845,344,"China, Hong Kong SAR",2016,7435,6766.085
310846,344,"China, Hong Kong SAR",2017,7461,6789.371
310847,344,"China, Hong Kong SAR",2018,7481,6807.602
310848,344,"China, Hong Kong SAR",2019,7496,6820.857
310849,344,"China, Hong Kong SAR",2020,7500,6825.257
310850,344,"China, Hong Kong SAR",2021,7494,6819.453
312101,446,"China, Macao SAR",2015,615,19226.219
312102,446,"China, Macao SAR",2016,626,19584.016
312103,446,"China, Macao SAR",2017,638,19956.531
312104,446,"China, Macao SAR",2018,650,20343.469
312105,446,"China, Macao SAR",2019,663,20739.141
312106,446,"China, Macao SAR",2020,676,21133.844
312107,446,"China, Macao SAR",2021,686,21456.469
313358,158,"China, Taiwan Province of China",2015,23512,663.997
313359,158,"China, Taiwan Province of China",2016,23594,666.322
313360,158,"China, Taiwan Province of China",2017,23665,668.315
313361,158,"China, Taiwan Province of China",2018,23726,670.042
313362,158,"China, Taiwan Province of China",2019,23777,671.498
313363,158,"China, Taiwan Province of China",2020,23821,672.733
313364,158,"China, Taiwan Province of China",2021,23859,673.818
314615,408,Dem. People's Republic of Korea,2015,25258,209.767
314616,408,Dem. People's Republic of Korea,2016,25389,210.86
314617,408,Dem. People's Republic of Korea,2017,25516,211.912
314618,408,Dem. People's Republic of Korea,2018,25638,212.924
314619,408,Dem. People's Republic of Korea,2019,25755,213.898
314620,408,Dem. People's Republic of Korea,2020,25867,214.828
314621,408,Dem. People's Republic of Korea,2021,25971,215.696
315872,392,Japan,2015,127250,337.693
315873,392,Japan,2016,126993,337.011
315874,392,Japan,2017,126662,336.132
315875,392,Japan,2018,126255,335.053
315876,392,Japan,2019,125791,333.821
315877,392,Japan,2020,125244,332.369
315878,392,Japan,2021,124612,330.692
317129,496,Mongolia,2015,2964,1.904
317130,496,Mongolia,2016,3029,1.945
317131,496,Mongolia,2017,3096,1.988
317132,496,Mongolia,2018,3163,2.032
317133,496,Mongolia,2019,3232,2.075
317134,496,Mongolia,2020,3294,2.115
317135,496,Mongolia,2021,3347,2.15
318386,410,Republic of Korea,2015,50994,515.392
318387,410,Republic of Korea,2016,51309,518.581
318388,410,Republic of Korea,2017,51511,520.619
318389,410,Republic of Korea,2018,51676,522.29
318390,410,Republic of Korea,2019,51803,523.572
318391,410,Republic of Korea,2020,51844,523.985
318392,410,Republic of Korea,2021,51830,523.838
319643,5501,Southern Asia,2015,1857336,290.169
319644,5501,Southern Asia,2016,1880378,293.769
319645,5501,Southern Asia,2017,1903436,297.372
319646,5501,Southern Asia,2018,1926062,300.907
319647,5501,Southern Asia,2019,1948009,304.335
319648,5501,Southern Asia,2020,1969617,307.711
319649,5501,Southern Asia,2021,1989452,310.81
320900,4,Afghanistan,2015,33753,51.985
320901,4,Afghanistan,2016,34636,53.344
320902,4,Afghanistan,2017,35643,54.895
320903,4,Afghanistan,2018,36686,56.502
320904,4,Afghanistan,2019,37769,58.17
320905,4,Afghanistan,2020,38972,60.022
320906,4,Afghanistan,2021,40099,61.758
322157,50,Bangladesh,2015,157830,1212.491
322158,50,Bangladesh,2016,159784,1227.507
322159,50,Bangladesh,2017,161793,1242.944
322160,50,Bangladesh,2018,163683,1257.463
322161,50,Bangladesh,2019,165516,1271.539
322162,50,Bangladesh,2020,167420,1286.172
322163,50,Bangladesh,2021,169356,1301.039
323414,64,Bhutan,2015,743,19.359
323415,64,Bhutan,2016,749,19.528
323416,64,Bhutan,2017,756,19.694
323417,64,Bhutan,2018,762,19.849
323418,64,Bhutan,2019,767,19.989
323419,64,Bhutan,2020,772,20.12
323420,64,Bhutan,2021,777,20.25
324671,356,India,2015,1322866,444.932
324672,356,India,2016,1338636,450.236
324673,356,India,2017,1354195,455.469
324674,356,India,2018,1369003,460.449
324675,356,India,2019,1383112,465.195
324676,356,India,2020,1396387,469.66
324677,356,India,2021,1407563,473.419
325928,364,Iran (Islamic Republic of),2015,81790,50.217
325929,364,Iran (Islamic Republic of),2016,83306,51.147
325930,364,Iran (Islamic Republic of),2017,84505,51.883
325931,364,Iran (Islamic Republic of),2018,85617,52.566
325932,364,Iran (Islamic Republic of),2019,86564,53.148
325933,364,Iran (Islamic Republic of),2020,87290,53.593
325934,364,Iran (Islamic Republic of),2021,87923,53.982
327185,462,Maldives,2015,435,1451.94
327186,462,Maldives,2016,454,1514.175
327187,462,Maldives,2017,472,1574.807
327188,462,Maldives,2018,489,1632.527
327189,462,Maldives,2019,504,1681.693
327190,462,Maldives,2020,514,1714.793
327191,462,Maldives,2021,521,1738.192
328442,524,Nepal,2015,27610,187.594
328443,524,Nepal,2016,27861,189.299
328444,524,Nepal,2017,28183,191.488
328445,524,Nepal,2018,28506,193.685
328446,524,Nepal,2019,28832,195.898
328447,524,Nepal,2020,29348,199.405
328448,524,Nepal,2021,30034,204.068
329699,586,Pakistan,2015,210969,273.673
329700,586,Pakistan,2016,213524,276.988
329701,586,Pakistan,2017,216379,280.692
329702,586,Pakistan,2018,219731,285.04
329703,586,Pakistan,2019,223293,289.66
329704,586,Pakistan,2020,227196,294.724
329705,586,Pakistan,2021,231402,300.179
330956,144,Sri Lanka,2015,21336,340.271
330957,144,Sri Lanka,2016,21425,341.687
330958,144,Sri Lanka,2017,21506,342.984
330959,144,Sri Lanka,2018,21580,344.163
330960,144,Sri Lanka,2019,21649,345.262
330961,144,Sri Lanka,2020,21715,346.305
330962,144,Sri Lanka,2021,21773,347.236
332213,920,South-Eastern Asia,2015,636644,143.059
332214,920,South-Eastern Asia,2016,643756,144.657
332215,920,South-Eastern Asia,2017,650699,146.217
332216,920,South-Eastern Asia,2018,657383,147.719
332217,920,South-Eastern Asia,2019,663897,149.183
332218,920,South-Eastern Asia,2020,670164,150.591
332219,920,South-Eastern Asia,2021,675796,151.857
333470,96,Brunei Darussalam,2015,421,73.103
333471,96,Brunei Darussalam,2016,425,73.893
333472,96,Brunei Darussalam,2017,430,74.636
333473,96,Brunei Darussalam,2018,434,75.329
333474,96,Brunei Darussalam,2019,438,75.984
333475,96,Brunei Darussalam,2020,441,76.622
333476,96,Brunei Darussalam,2021,445,77.255
334727,116,Cambodia,2015,15417,85.163
334728,116,Cambodia,2016,15624,86.307
334729,116,Cambodia,2017,15830,87.445
334730,116,Cambodia,2018,16025,88.52
334731,116,Cambodia,2019,16207,89.528
334732,116,Cambodia,2020,16396,90.573
334733,116,Cambodia,2021,16589,91.634
335984,360,Indonesia,2015,259091,135.584
335985,360,Indonesia,2016,261850,137.028
335986,360,Indonesia,2017,264498,138.414
335987,360,Indonesia,2018,267066,139.757
335988,360,Indonesia,2019,269582,141.074
335989,360,Indonesia,2020,271857,142.265
335990,360,Indonesia,2021,273753,143.256
337241,418,Lao People's Democratic Republic,2015,6787,29.408
337242,418,Lao People's Democratic Republic,2016,6891,29.859
337243,418,Lao People's Democratic Republic,2017,6997,30.32
337244,418,Lao People's Democratic Republic,2018,7105,30.784
337245,418,Lao People's Democratic Republic,2019,7212,31.248
337246,418,Lao People's Democratic Republic,2020,7319,31.713
337247,418,Lao People's Democratic Republic,2021,7425,32.171
338498,458,Malaysia,2015,31068,94.563
338499,458,Malaysia,2016,31526,95.956
338500,458,Malaysia,2017,31975,97.324
338501,458,Malaysia,2018,32399,98.613
338502,458,Malaysia,2019,32804,99.845
338503,458,Malaysia,2020,33199,101.05
338504,458,Malaysia,2021,33573,102.188
339755,104,Myanmar,2015,51483,78.807
339756,104,Myanmar,2016,51892,79.432
339757,104,Myanmar,2017,52288,80.038
339758,104,Myanmar,2018,52666,80.617
339759,104,Myanmar,2019,53040,81.189
339760,104,Myanmar,2020,53423,81.776
339761,104,Myanmar,2021,53798,82.349
341012,608,Philippines,2015,103031,343.438
341013,608,Philippines,2016,104875,349.584
341014,608,Philippines,2017,106738,355.795
341015,608,Philippines,2018,108568,361.896
341016,608,Philippines,2019,110380,367.936
341017,608,Philippines,2020,112190,373.97
341018,608,Philippines,2021,113880,379.601
342269,702,Singapore,2015,5650,8272.354
342270,702,Singapore,2016,5711,8363.006
342271,702,Singapore,2017,5764,8439.952
342272,702,Singapore,2018,5814,8513.231
342273,702,Singapore,2019,5866,8589.173
342274,702,Singapore,2020,5909,8652.81
342275,702,Singapore,2021,5941,8698.478
343526,764,Thailand,2015,70294,137.592
343527,764,Thailand,2016,70607,138.204
343528,764,Thailand,2017,70898,138.774
343529,764,Thailand,2018,71127,139.223
343530,764,Thailand,2019,71307,139.576
343531,764,Thailand,2020,71475,139.904
343532,764,Thailand,2021,71601,140.15
344783,626,Timor-Leste,2015,1205,81.09
344784,626,Timor-Leste,2016,1224,82.351
344785,626,Timor-Leste,2017,1243,83.607
344786,626,Timor-Leste,2018,1261,84.858
344787,626,Timor-Leste,2019,1280,86.109
344788,626,Timor-Leste,2020,1299,87.424
344789,626,Timor-Leste,2021,1320,88.833
346040,704,Viet Nam,2015,92191,294.157
346041,704,Viet Nam,2016,93126,297.141
346042,704,Viet Nam,2017,94033,300.033
346043,704,Viet Nam,2018,94914,302.845
346044,704,Viet Nam,2019,95776,305.597
346045,704,Viet Nam,2020,96648,308.379
346046,704,Viet Nam,2021,97468,310.993
347297,922,Western Asia,2015,264755,55.245
347298,922,Western Asia,2016,269604,56.257
347299,922,Western Asia,2017,274064,57.188
347300,922,Western Asia,2018,278507,58.115
347301,922,Western Asia,2019,283125,59.079
347302,922,Western Asia,2020,286637,59.811
347303,922,Western Asia,2021,289733,60.457
348554,51,Armenia,2015,2878,101.131
348555,51,Armenia,2016,2865,100.683
348556,51,Armenia,2017,2851,100.194
348557,51,Armenia,2018,2836,99.654
348558,51,Armenia,2019,2820,99.094
348559,51,Armenia,2020,2805,98.567
348560,51,Armenia,2021,2790,98.053
349811,31,Azerbaijan,2015,9863,119.329
349812,31,Azerbaijan,2016,9976,120.693
349813,31,Azerbaijan,2017,10071,121.846
349814,31,Azerbaijan,2018,10152,122.826
349815,31,Azerbaijan,2019,10232,123.796
349816,31,Azerbaijan,2020,10284,124.428
349817,31,Azerbaijan,2021,10312,124.767
351068,48,Bahrain,2015,1362,1739.645
351069,48,Bahrain,2016,1409,1800.333
351070,48,Bahrain,2017,1456,1860.58
351071,48,Bahrain,2018,1487,1899.54
351072,48,Bahrain,2019,1494,1908.287
351073,48,Bahrain,2020,1477,1886.934
351074,48,Bahrain,2021,1463,1868.794
352325,196,Cyprus,2015,1187,128.494
352326,196,Cyprus,2016,1197,129.641
352327,196,Cyprus,2017,1208,130.793
352328,196,Cyprus,2018,1218,131.908
352329,196,Cyprus,2019,1228,132.991
352330,196,Cyprus,2020,1237,133.933
352331,196,Cyprus,2021,1244,134.652
353582,268,Georgia,2015,3771,54.269
353583,268,Georgia,2016,3771,54.268
353584,268,Georgia,2017,3771,54.28
353585,268,Georgia,2018,3772,54.286
353586,268,Georgia,2019,3770,54.264
353587,268,Georgia,2020,3765,54.194
353588,268,Georgia,2021,3757,54.079
354839,368,Iraq,2015,37757,86.974
354840,368,Iraq,2016,38697,89.139
354841,368,Iraq,2017,39621,91.266
354842,368,Iraq,2018,40590,93.499
354843,368,Iraq,2019,41563,95.74
354844,368,Iraq,2020,42556,98.029
354845,368,Iraq,2021,43533,100.278
356096,376,Israel,2015,8007,369.994
356097,376,Israel,2016,8159,376.981
356098,376,Israel,2017,8309,383.924
356099,376,Israel,2018,8456,390.726
356100,376,Israel,2019,8607,397.723
356101,376,Israel,2020,8757,404.634
356102,376,Israel,2021,8900,411.221
357353,400,Jordan,2015,9494,106.924
357354,400,Jordan,2016,9964,112.222
357355,400,Jordan,2017,10215,115.046
357356,400,Jordan,2018,10459,117.799
357357,400,Jordan,2019,10698,120.489
357358,400,Jordan,2020,10928,123.079
357359,400,Jordan,2021,11148,125.552
358610,414,Kuwait,2015,3908,219.37
358611,414,Kuwait,2016,4048,227.191
358612,414,Kuwait,2017,4124,231.502
358613,414,Kuwait,2018,4317,242.293
358614,414,Kuwait,2019,4441,249.248
358615,414,Kuwait,2020,4360,244.721
358616,414,Kuwait,2021,4250,238.529
359867,422,Lebanon,2015,6398,625.507
359868,422,Lebanon,2016,6258,611.791
359869,422,Lebanon,2017,6109,597.19
359870,422,Lebanon,2018,5950,581.705
359871,422,Lebanon,2019,5781,565.191
359872,422,Lebanon,2020,5662,553.56
359873,422,Lebanon,2021,5592,546.689
361124,512,Oman,2015,4191,13.544
361125,512,Oman,2016,4398,14.21
361126,512,Oman,2017,4541,14.675
361127,512,Oman,2018,4601,14.866
361128,512,Oman,2019,4602,14.872
361129,512,Oman,2020,4543,14.68
361130,512,Oman,2021,4520,14.606
362381,634,Qatar,2015,2414,208.404
362382,634,Qatar,2016,2595,223.992
362383,634,Qatar,2017,2711,234.054
362384,634,Qatar,2018,2766,238.8
362385,634,Qatar,2019,2807,242.295
362386,634,Qatar,2020,2760,238.252
362387,634,Qatar,2021,2688,232.024
363638,682,Saudi Arabia,2015,32749,15.235
363639,682,Saudi Arabia,2016,33416,15.545
363640,682,Saudi Arabia,2017,34193,15.906
363641,682,Saudi Arabia,2018,35018,16.29
363642,682,Saudi Arabia,2019,35827,16.666
363643,682,Saudi Arabia,2020,35997,16.745
363644,682,Saudi Arabia,2021,35950,16.724
364895,275,State of Palestine,2015,4484,744.952
364896,275,State of Palestine,2016,4593,763.098
364897,275,State of Palestine,2017,4700,780.888
364898,275,State of Palestine,2018,4805,798.264
364899,275,State of Palestine,2019,4909,815.577
364900,275,State of Palestine,2020,5019,833.788
364901,275,State of Palestine,2021,5133,852.723
366152,760,Syrian Arab Republic,2015,19205,104.541
366153,760,Syrian Arab Republic,2016,18964,103.229
366154,760,Syrian Arab Republic,2017,18983,103.333
366155,760,Syrian Arab Republic,2018,19333,105.239
366156,760,Syrian Arab Republic,2019,20098,109.402
366157,760,Syrian Arab Republic,2020,20772,113.073
366158,760,Syrian Arab Republic,2021,21324,116.076
367409,792,Türkiye,2015,79646,103.49
367410,792,Türkiye,2016,81019,105.274
367411,792,Türkiye,2017,82089,106.665
367412,792,Türkiye,2018,82809,107.6
367413,792,Türkiye,2019,83481,108.474
367414,792,Türkiye,2020,84135,109.323
367415,792,Türkiye,2021,84775,110.155
368666,784,United Arab Emirates,2015,8916,125.548
368667,784,United Arab Emirates,2016,8994,126.637
368668,784,United Arab Emirates,2017,9068,127.679
368669,784,United Arab Emirates,2018,9140,128.691
368670,784,United Arab Emirates,2019,9211,129.698
368671,784,United Arab Emirates,2020,9287,130.763
368672,784,United Arab Emirates,2021,9365,131.859
369923,887,Yemen,2015,28516,54.012
369924,887,Yemen,2016,29274,55.446
369925,887,Yemen,2017,30034,56.887
369926,887,Yemen,2018,30790,58.319
369927,887,Yemen,2019,31546,59.751
369928,887,Yemen,2020,32284,61.147
369929,887,Yemen,2021,32981,62.469
371180,908,Europe,2015,742107,33.606
371181,908,Europe,2016,743318,33.661
371182,908,Europe,2017,744449,33.712
371183,908,Europe,2018,745359,33.753
371184,908,Europe,2019,746189,33.791
371185,908,Europe,2020,746225,33.793
371186,908,Europe,2021,745173,33.745
372437,923,Eastern Europe,2015,294189,16.297
372438,923,Eastern Europe,2016,294225,16.299
372439,923,Eastern Europe,2017,294171,16.296
372440,923,Eastern Europe,2018,293940,16.283
372441,923,Eastern Europe,2019,293569,16.262
372442,923,Eastern Europe,2020,292833,16.221
372443,923,Eastern Europe,2021,291464,16.146
373694,112,Belarus,2015,9700,47.807
373695,112,Belarus,2016,9708,47.844
373696,112,Belarus,2017,9707,47.843
373697,112,Belarus,2018,9695,47.783
373698,112,Belarus,2019,9673,47.676
373699,112,Belarus,2020,9633,47.478
373700,112,Belarus,2021,9578,47.204
374951,100,Bulgaria,2015,7309,67.431
374952,100,Bulgaria,2016,7245,66.847
374953,100,Bulgaria,2017,7182,66.261
374954,100,Bulgaria,2018,7117,65.661
374955,100,Bulgaria,2019,7052,65.063
374956,100,Bulgaria,2020,6979,64.386
374957,100,Bulgaria,2021,6885,63.525
376208,203,Czechia,2015,10523,136.313
376209,203,Czechia,2016,10527,136.362
376210,203,Czechia,2017,10531,136.411
376211,203,Czechia,2018,10534,136.453
376212,203,Czechia,2019,10536,136.483
376213,203,Czechia,2020,10530,136.406
376214,203,Czechia,2021,10510,136.144
377465,348,Hungary,2015,9844,108.74
377466,348,Hungary,2016,9815,108.418
377467,348,Hungary,2017,9788,108.129
377468,348,Hungary,2018,9776,107.99
377469,348,Hungary,2019,9771,107.94
377470,348,Hungary,2020,9750,107.705
377471,348,Hungary,2021,9709,107.255
378722,616,Poland,2015,38553,125.911
378723,616,Poland,2016,38532,125.842
378724,616,Poland,2017,38532,125.844
378725,616,Poland,2018,38521,125.807
378726,616,Poland,2019,38493,125.716
378727,616,Poland,2020,38428,125.503
378728,616,Poland,2021,38307,125.109
379979,498,Republic of Moldova,2015,3277,99.671
379980,498,Republic of Moldova,2016,3225,98.082
379981,498,Republic of Moldova,2017,3180,96.725
379982,498,Republic of Moldova,2018,3141,95.549
379983,498,Republic of Moldova,2019,3109,94.565
379984,498,Republic of Moldova,2020,3084,93.816
379985,498,Republic of Moldova,2021,3061,93.106
381236,642,Romania,2015,19906,86.52
381237,642,Romania,2016,19797,86.049
381238,642,Romania,2017,19698,85.619
381239,642,Romania,2018,19606,85.219
381240,642,Romania,2019,19524,84.86
381241,642,Romania,2020,19442,84.503
381242,642,Romania,2021,19328,84.009
382493,643,Russian Federation,2015,144668,8.834
382494,643,Russian Federation,2016,145109,8.861
382495,643,Russian Federation,2017,145452,8.882
382496,643,Russian Federation,2018,145652,8.894
382497,643,Russian Federation,2019,145742,8.9
382498,643,Russian Federation,2020,145617,8.892
382499,643,Russian Federation,2021,145102,8.861
383750,703,Slovakia,2015,5424,110.628
383751,703,Slovakia,2016,5431,110.766
383752,703,Slovakia,2017,5439,110.934
383753,703,Slovakia,2018,5446,111.083
383754,703,Slovakia,2019,5453,111.23
383755,703,Slovakia,2020,5456,111.286
383756,703,Slovakia,2021,5447,111.101
385007,804,Ukraine,2015,44982,77.647
385008,804,Ukraine,2016,44833,77.39
385009,804,Ukraine,2017,44657,77.086
385010,804,Ukraine,2018,44446,76.723
385011,804,Ukraine,2019,44211,76.315
385012,804,Ukraine,2020,43909,75.795
385013,804,Ukraine,2021,43531,75.142
386264,924,Northern Europe,2015,102983,62.866
386265,924,Northern Europe,2016,103618,63.254
386266,924,Northern Europe,2017,104237,63.631
386267,924,Northern Europe,2018,104813,63.983
386268,924,Northern Europe,2019,105366,64.321
386269,924,Northern Europe,2020,105830,64.604
386270,924,Northern Europe,2021,106197,64.828
387521,208,Denmark,2015,5677,133.929
387522,208,Denmark,2016,5706,134.615
387523,208,Denmark,2017,5737,135.332
387524,208,Denmark,2018,5766,136.026
387525,208,Denmark,2019,5795,136.715
387526,208,Denmark,2020,5825,137.417
387527,208,Denmark,2021,5854,138.091
388778,233,Estonia,2015,1314,30.246
388779,233,Estonia,2016,1315,30.275
388780,233,Estonia,2017,1317,30.312
388781,233,Estonia,2018,1322,30.418
388782,233,Estonia,2019,1327,30.53
388783,233,Estonia,2020,1329,30.586
388784,233,Estonia,2021,1328,30.569
390035,234,Faroe Islands,2015,48,35.247
390036,234,Faroe Islands,2016,49,35.74
390037,234,Faroe Islands,2017,50,36.268
390038,234,Faroe Islands,2018,50,36.791
390039,234,Faroe Islands,2019,51,37.315
390040,234,Faroe Islands,2020,52,37.845
390041,234,Faroe Islands,2021,52,38.187
391292,246,Finland,2015,5479,18.121
391293,246,Finland,2016,5495,18.173
391294,246,Finland,2017,5508,18.216
391295,246,Finland,2018,5515,18.24
391296,246,Finland,2019,5521,18.26
391297,246,Finland,2020,5529,18.287
391298,246,Finland,2021,5535,18.308
392549,831,Guernsey,2015,61,962.953
392550,831,Guernsey,2016,61,962.281
392551,831,Guernsey,2017,61,962.508
392552,831,Guernsey,2018,61,966.961
392553,831,Guernsey,2019,62,974.453
392554,831,Guernsey,2020,62,981.156
392555,831,Guernsey,2021,63,985.391
393806,352,Iceland,2015,331,3.303
393807,352,Iceland,2016,335,3.349
393808,352,Iceland,2017,343,3.428
393809,352,Iceland,2018,352,3.521
393810,352,Iceland,2019,360,3.599
393811,352,Iceland,2020,366,3.658
393812,352,Iceland,2021,370,3.694
395063,372,Ireland,2015,4665,68.246
395064,372,Ireland,2016,4715,68.978
395065,372,Ireland,2017,4771,69.798
395066,372,Ireland,2018,4834,70.714
395067,372,Ireland,2019,4896,71.614
395068,372,Ireland,2020,4946,72.347
395069,372,Ireland,2021,4986,72.938
396320,833,Isle of Man,2015,83,146.142
396321,833,Isle of Man,2016,83,145.891
396322,833,Isle of Man,2017,83,146.119
396323,833,Isle of Man,2018,83,146.461
396324,833,Isle of Man,2019,83,146.736
396325,833,Isle of Man,2020,84,146.933
396326,833,Isle of Man,2021,84,147.314
397577,832,Jersey,2015,100,866.905
397578,832,Jersey,2016,102,880.478
397579,832,Jersey,2017,103,893.228
397580,832,Jersey,2018,105,908.384
397581,832,Jersey,2019,107,922.802
397582,832,Jersey,2020,108,933.78
397583,832,Jersey,2021,109,944.987
398834,428,Latvia,2015,1991,32.011
398835,428,Latvia,2016,1973,31.714
398836,428,Latvia,2017,1954,31.415
398837,428,Latvia,2018,1935,31.106
398838,428,Latvia,2019,1916,30.799
398839,428,Latvia,2020,1897,30.486
398840,428,Latvia,2021,1873,30.114
400091,440,Lithuania,2015,2963,47.329
400092,440,Lithuania,2016,2933,46.848
400093,440,Lithuania,2017,2904,46.381
400094,440,Lithuania,2018,2876,45.929
400095,440,Lithuania,2019,2849,45.497
400096,440,Lithuania,2020,2820,45.037
400097,440,Lithuania,2021,2786,44.5
401348,578,Norway,2015,5190,17.061
401349,578,Norway,2016,5236,17.213
401350,578,Norway,2017,5277,17.347
401351,578,Norway,2018,5312,17.462
401352,578,Norway,2019,5348,17.58
401353,578,Norway,2020,5379,17.684
401354,578,Norway,2021,5403,17.76
402605,752,Sweden,2015,9849,24.18
402606,752,Sweden,2016,9953,24.435
402607,752,Sweden,2017,10058,24.692
402608,752,Sweden,2018,10162,24.948
402609,752,Sweden,2019,10267,25.207
402610,752,Sweden,2020,10368,25.455
402611,752,Sweden,2021,10467,25.696
403862,826,United Kingdom,2015,65224,268.699
403863,826,United Kingdom,2016,65655,270.474
403864,826,United Kingdom,2017,66064,272.162
403865,826,United Kingdom,2018,66432,273.679
403866,826,United Kingdom,2019,66778,275.103
403867,826,United Kingdom,2020,67059,276.259
403868,826,United Kingdom,2021,67281,277.172
405119,925,Southern Europe,2015,153194,117.572
405120,925,Southern Europe,2016,152944,117.38
405121,925,Southern Europe,2017,152759,117.238
405122,925,Southern Europe,2018,152658,117.161
405123,925,Southern Europe,2019,152680,117.177
405124,925,Southern Europe,2020,152503,117.042
405125,925,Southern Europe,2021,152130,116.755
406376,8,Albania,2015,2882,105.208
406377,8,Albania,2016,2881,105.156
406378,8,Albania,2017,2879,105.094
406379,8,Albania,2018,2877,105.008
406380,8,Albania,2019,2873,104.894
406381,8,Albania,2020,2866,104.637
406382,8,Albania,2021,2854,104.194
407633,20,Andorra,2015,71,152.65
407634,20,Andorra,2016,72,154.341
407635,20,Andorra,2017,73,157.099
407636,20,Andorra,2018,75,159.603
407637,20,Andorra,2019,76,162.432
407638,20,Andorra,2020,77,165.319
407639,20,Andorra,2021,79,168.157
408890,70,Bosnia and Herzegovina,2015,3524,68.838
408891,70,Bosnia and Herzegovina,2016,3480,67.992
408892,70,Bosnia and Herzegovina,2017,3440,67.192
408893,70,Bosnia and Herzegovina,2018,3400,66.413
408894,70,Bosnia and Herzegovina,2019,3360,65.643
408895,70,Bosnia and Herzegovina,2020,3318,64.816
408896,70,Bosnia and Herzegovina,2021,3270,63.889
410147,191,Croatia,2015,4254,76.12
410148,191,Croatia,2016,4223,75.564
410149,191,Croatia,2017,4192,75.005
410150,191,Croatia,2018,4160,74.433
410151,191,Croatia,2019,4129,73.883
410152,191,Croatia,2020,4096,73.295
410153,191,Croatia,2021,4060,72.637
411404,292,Gibraltar,2015,32,3251.95
411405,292,Gibraltar,2016,32,3256.5
411406,292,Gibraltar,2017,32,3260.2
411407,292,Gibraltar,2018,32,3264.8
411408,292,Gibraltar,2019,32,3268.55
411409,292,Gibraltar,2020,32,3270.85
411410,292,Gibraltar,2021,32,3266.95
412661,300,Greece,2015,10806,82.607
412662,300,Greece,2016,10749,82.172
412663,300,Greece,2017,10692,81.732
412664,300,Greece,2018,10633,81.282
412665,300,Greece,2019,10574,80.829
412666,300,Greece,2020,10512,80.356
412667,300,Greece,2021,10445,79.845
413918,336,Holy See,2015,0,1281.818
413919,336,Holy See,2016,0,1262.5
413920,336,Holy See,2017,0,1242.045
413921,336,Holy See,2018,0,1220.455
413922,336,Holy See,2019,0,1200.0
413923,336,Holy See,2020,0,1181.818
413924,336,Holy See,2021,0,1162.5
415175,380,Italy,2015,60232,203.507
415176,380,Italy,2016,60118,203.121
415177,380,Italy,2017,60004,202.733
415178,380,Italy,2018,59877,202.306
415179,380,Italy,2019,59727,201.801
415180,380,Italy,2020,59500,201.032
415181,380,Italy,2021,59240,200.153
416432,412,Kosovo (under UNSC res. 1244),2015,1759,161.313
416433,412,Kosovo (under UNSC res. 1244),2016,1750,160.543
416434,412,Kosovo (under UNSC res. 1244),2017,1731,158.796
416435,412,Kosovo (under UNSC res. 1244),2018,1709,156.805
416436,412,Kosovo (under UNSC res. 1244),2019,1686,154.687
416437,412,Kosovo (under UNSC res. 1244),2020,1670,153.205
416438,412,Kosovo (under UNSC res. 1244),2021,1662,152.408
417689,470,Malta,2015,456,1449.456
417690,470,Malta,2016,467,1484.778
417691,470,Malta,2017,479,1522.213
417692,470,Malta,2018,491,1560.59
417693,470,Malta,2019,503,1598.84
417694,470,Malta,2020,515,1636.057
417695,470,Malta,2021,526,1672.216
418946,499,Montenegro,2015,633,45.9
418947,499,Montenegro,2016,633,45.849
418948,499,Montenegro,2017,632,45.789
418949,499,Montenegro,2018,631,45.718
418950,499,Montenegro,2019,630,45.641
418951,499,Montenegro,2020,629,45.544
418952,499,Montenegro,2021,627,45.457
420203,807,North Macedonia,2015,2107,84.613
420204,807,North Macedonia,2016,2110,84.703
420205,807,North Macedonia,2017,2111,84.774
420206,807,North Macedonia,2018,2113,84.835
420207,807,North Macedonia,2019,2114,84.862
420208,807,North Macedonia,2020,2111,84.738
420209,807,North Macedonia,2021,2103,84.427
421460,620,Portugal,2015,10365,112.686
421461,620,Portugal,2016,10332,112.331
421462,620,Portugal,2017,10307,112.057
421463,620,Portugal,2018,10289,111.864
421464,620,Portugal,2019,10289,111.865
421465,620,Portugal,2020,10298,111.955
421466,620,Portugal,2021,10290,111.867
422717,674,San Marino,2015,33,550.328
422718,674,San Marino,2016,33,554.656
422719,674,San Marino,2017,34,558.303
422720,674,San Marino,2018,34,559.934
422721,674,San Marino,2019,34,560.287
422722,674,San Marino,2020,34,557.492
422723,674,San Marino,2021,33,553.205
423974,688,Serbia,2015,7519,97.992
423975,688,Serbia,2016,7493,97.65
423976,688,Serbia,2017,7464,97.28
423977,688,Serbia,2018,7433,96.875
423978,688,Serbia,2019,7401,96.448
423979,688,Serbia,2020,7358,95.887
423980,688,Serbia,2021,7296,95.089
425231,705,Slovenia,2015,2080,103.33
425232,705,Slovenia,2016,2090,103.785
425233,705,Slovenia,2017,2098,104.201
425234,705,Slovenia,2018,2105,104.575
425235,705,Slovenia,2019,2112,104.921
425236,705,Slovenia,2020,2117,105.156
425237,705,Slovenia,2021,2119,105.244
426488,724,Spain,2015,46431,92.428
426489,724,Spain,2016,46473,92.511
426490,724,Spain,2017,46584,92.732
426491,724,Spain,2018,46792,93.146
426492,724,Spain,2019,47131,93.821
426493,724,Spain,2020,47363,94.284
426494,724,Spain,2021,47486,94.529
427745,926,Western Europe,2015,191740,176.045
427746,926,Western Europe,2016,192529,176.77
427747,926,Western Europe,2017,193280,177.46
427748,926,Western Europe,2018,193947,178.072
427749,926,Western Europe,2019,194572,178.646
427750,926,Western Europe,2020,195057,179.092
427751,926,Western Europe,2021,195381,179.389
429002,40,Austria,2015,8642,104.732
429003,40,Austria,2016,8736,105.872
429004,40,Austria,2017,8797,106.612
429005,40,Austria,2018,8840,107.133
429006,40,Austria,2019,8879,107.611
429007,40,Austria,2020,8907,107.948
429008,40,Austria,2021,8922,108.122
430259,56,Belgium,2015,11248,371.501
430260,56,Belgium,2016,11316,373.764
430261,56,Belgium,2017,11384,375.999
430262,56,Belgium,2018,11448,378.116
430263,56,Belgium,2019,11510,380.163
430264,56,Belgium,2020,11561,381.852
430265,56,Belgium,2021,11611,383.494
431516,250,France,2015,63809,115.727
431517,250,France,2016,63989,116.053
431518,250,France,2017,64144,116.334
431519,250,France,2018,64277,116.576
431520,250,France,2019,64399,116.797
431521,250,France,2020,64480,116.943
431522,250,France,2021,64531,117.036
432773,276,Germany,2015,82073,235.464
432774,276,Germany,2016,82331,236.204
432775,276,Germany,2017,82624,237.045
432776,276,Germany,2018,82896,237.826
432777,276,Germany,2019,83148,238.548
432778,276,Germany,2020,83328,239.066
432779,276,Germany,2021,83408,239.295
434030,438,Liechtenstein,2015,37,233.469
434031,438,Liechtenstein,2016,37,235.059
434032,438,Liechtenstein,2017,37,236.803
434033,438,Liechtenstein,2018,38,238.631
434034,438,Liechtenstein,2019,38,240.512
434035,438,Liechtenstein,2020,38,242.225
434036,438,Liechtenstein,2021,39,243.997
435287,442,Luxembourg,2015,569,219.848
435288,442,Luxembourg,2016,583,225.232
435289,442,Luxembourg,2017,596,230.225
435290,442,Luxembourg,2018,607,234.715
435291,442,Luxembourg,2019,619,239.372
435292,442,Luxembourg,2020,630,243.397
435293,442,Luxembourg,2021,639,246.842
436544,492,Monaco,2015,36,24671.141
436545,492,Monaco,2016,37,24879.53
436546,492,Monaco,2017,37,24862.081
436547,492,Monaco,2018,37,24851.678
436548,492,Monaco,2019,37,24855.034
436549,492,Monaco,2020,36,24779.866
436550,492,Monaco,2021,36,24621.477
437801,528,Netherlands,2015,17041,506.106
437802,528,Netherlands,2016,17124,508.583
437803,528,Netherlands,2017,17207,511.039
437804,528,Netherlands,2018,17286,513.381
437805,528,Netherlands,2019,17363,515.674
437806,528,Netherlands,2020,17434,517.791
437807,528,Netherlands,2021,17501,519.785
439058,756,Switzerland,2015,8281,207.085
439059,756,Switzerland,2016,8372,209.364
439060,756,Switzerland,2017,8451,211.334
439061,756,Switzerland,2018,8514,212.903
439062,756,Switzerland,2019,8575,214.433
439063,756,Switzerland,2020,8638,216.009
439064,756,Switzerland,2021,8691,217.329
441572,915,Caribbean,2015,42754,193.033
441573,915,Caribbean,2016,42989,194.094
441574,915,Caribbean,2017,43209,195.084
441575,915,Caribbean,2018,43469,196.26
441576,915,Caribbean,2019,43727,197.427
441577,915,Caribbean,2020,43962,198.485
441578,915,Caribbean,2021,44182,199.477
442829,660,Anguilla,2015,14,165.063
442830,660,Anguilla,2016,14,168.335
442831,660,Anguilla,2017,15,170.625
442832,660,Anguilla,2018,15,172.511
442833,660,Anguilla,2019,15,174.767
442834,660,Anguilla,2020,15,177.102
442835,660,Anguilla,2021,15,179.011
444086,28,Antigua and Barbuda,2015,89,204.41
444087,28,Antigua and Barbuda,2016,90,205.828
444088,28,Antigua and Barbuda,2017,91,207.089
444089,28,Antigua and Barbuda,2018,91,208.24
444090,28,Antigua and Barbuda,2019,92,209.356
444091,28,Antigua and Barbuda,2020,92,210.6
444092,28,Antigua and Barbuda,2021,93,211.863
445343,533,Aruba,2015,104,579.208
445344,533,Aruba,2016,104,582.636
445345,533,Aruba,2017,105,585.769
445346,533,Aruba,2018,105,588.675
445347,533,Aruba,2019,106,591.347
445348,533,Aruba,2020,106,592.136
445349,533,Aruba,2021,106,591.869
446600,44,Bahamas,2015,392,73.292
446601,44,Bahamas,2016,395,73.904
446602,44,Bahamas,2017,399,74.472
446603,44,Bahamas,2018,401,75.011
446604,44,Bahamas,2019,404,75.505
446605,44,Bahamas,2020,406,75.863
446606,44,Bahamas,2021,407,76.13
447857,52,Barbados,2015,278,646.705
447858,52,Barbados,2016,278,648.021
447859,52,Barbados,2017,279,649.272
447860,52,Barbados,2018,279,650.438
447861,52,Barbados,2019,280,651.58
447862,52,Barbados,2020,280,652.774
447863,52,Barbados,2021,281,653.952
449114,535,"Bonaire, Sint Eustatius and Saba",2015,23,70.622
449115,535,"Bonaire, Sint Eustatius and Saba",2016,23,72.468
449116,535,"Bonaire, Sint Eustatius and Saba",2017,24,74.285
449117,535,"Bonaire, Sint Eustatius and Saba",2018,24,76.128
449118,535,"Bonaire, Sint Eustatius and Saba",2019,25,77.959
449119,535,"Bonaire, Sint Eustatius and Saba",2020,26,79.735
449120,535,"Bonaire, Sint Eustatius and Saba",2021,26,81.421
450371,92,British Virgin Islands,2015,29,190.685
450372,92,British Virgin Islands,2016,29,193.11
450373,92,British Virgin Islands,2017,30,195.195
450374,92,British Virgin Islands,2018,30,196.981
450375,92,British Virgin Islands,2019,30,198.766
450376,92,British Virgin Islands,2020,30,200.714
450377,92,British Virgin Islands,2021,31,202.091
451628,136,Cayman Islands,2015,60,252.743
451629,136,Cayman Islands,2016,62,258.317
451630,136,Cayman Islands,2017,63,263.822
451631,136,Cayman Islands,2018,64,269.228
451632,136,Cayman Islands,2019,66,274.415
451633,136,Cayman Islands,2020,67,279.297
451634,136,Cayman Islands,2021,68,282.722
452885,192,Cuba,2015,11339,106.221
452886,192,Cuba,2016,11342,106.24
452887,192,Cuba,2017,11336,106.188
452888,192,Cuba,2018,11328,106.111
452889,192,Cuba,2019,11316,106.003
452890,192,Cuba,2020,11300,105.853
452891,192,Cuba,2021,11256,105.438
454142,531,Curaçao,2015,169,399.934
454143,531,Curaçao,2016,170,402.688
454144,531,Curaçao,2017,171,404.539
454145,531,Curaçao,2018,184,435.665
454146,531,Curaçao,2019,193,455.44
454147,531,Curaçao,2020,189,446.435
454148,531,Curaçao,2021,190,448.91
455399,212,Dominica,2015,70,93.342
455400,212,Dominica,2016,70,93.433
455401,212,Dominica,2017,70,93.871
455402,212,Dominica,2018,70,94.43
455403,212,Dominica,2019,71,95.237
455404,212,Dominica,2020,71,95.993
455405,212,Dominica,2021,72,96.55
456656,214,Dominican Republic,2015,10405,215.393
456657,214,Dominican Republic,2016,10527,217.913
456658,214,Dominican Republic,2017,10647,220.39
456659,214,Dominican Republic,2018,10765,222.838
456660,214,Dominican Republic,2019,10881,225.246
456661,214,Dominican Republic,2020,10999,227.684
456662,214,Dominican Republic,2021,11117,230.131
457913,308,Grenada,2015,118,349.94
457914,308,Grenada,2016,119,352.841
457915,308,Grenada,2017,120,355.649
457916,308,Grenada,2018,121,358.347
457917,308,Grenada,2019,122,360.951
457918,308,Grenada,2020,123,363.715
457919,308,Grenada,2021,124,366.5
459170,312,Guadeloupe,2015,399,245.14
459171,312,Guadeloupe,2016,397,244.382
459172,312,Guadeloupe,2017,397,243.871
459173,312,Guadeloupe,2018,396,243.404
459174,312,Guadeloupe,2019,395,242.927
459175,312,Guadeloupe,2020,395,243.023
459176,312,Guadeloupe,2021,396,243.275
460427,332,Haiti,2015,10563,383.175
460428,332,Haiti,2016,10713,388.619
460429,332,Haiti,2017,10863,394.049
460430,332,Haiti,2018,11012,399.449
460431,332,Haiti,2019,11160,404.818
460432,332,Haiti,2020,11306,410.127
460433,332,Haiti,2021,11447,415.233
461684,388,Jamaica,2015,2794,258.028
461685,388,Jamaica,2016,2802,258.79
461686,388,Jamaica,2017,2808,259.314
461687,388,Jamaica,2018,2811,259.634
461688,388,Jamaica,2019,2813,259.813
461689,388,Jamaica,2020,2820,260.428
461690,388,Jamaica,2021,2827,261.098
462941,474,Martinique,2015,383,361.807
462942,474,Martinique,2016,380,358.816
462943,474,Martinique,2017,377,356.086
462944,474,Martinique,2018,374,353.623
462945,474,Martinique,2019,372,351.174
462946,474,Martinique,2020,370,349.425
462947,474,Martinique,2021,368,347.92
464198,500,Montserrat,2015,5,49.112
464199,500,Montserrat,2016,5,49.364
464200,500,Montserrat,2017,4,45.617
464201,500,Montserrat,2018,4,42.316
464202,500,Montserrat,2019,4,43.733
464203,500,Montserrat,2020,4,43.689
464204,500,Montserrat,2021,4,42.883
465455,630,Puerto Rico,2015,3497,402.363
465456,630,Puerto Rico,2016,3432,394.931
465457,630,Puerto Rico,2017,3366,387.3
465458,630,Puerto Rico,2018,3319,381.876
465459,630,Puerto Rico,2019,3292,378.841
465460,630,Puerto Rico,2020,3271,376.388
465461,630,Puerto Rico,2021,3256,374.6
466712,652,Saint Barthélemy,2015,9,438.318
466713,652,Saint Barthélemy,2016,9,447.386
466714,652,Saint Barthélemy,2017,10,456.568
466715,652,Saint Barthélemy,2018,10,466.273
466716,652,Saint Barthélemy,2019,10,476.386
466717,652,Saint Barthélemy,2020,10,485.477
466718,652,Saint Barthélemy,2021,10,493.705
467969,659,Saint Kitts and Nevis,2015,47,183.808
467970,659,Saint Kitts and Nevis,2016,47,183.798
467971,659,Saint Kitts and Nevis,2017,47,183.79
467972,659,Saint Kitts and Nevis,2018,47,183.696
467973,659,Saint Kitts and Nevis,2019,47,183.506
467974,659,Saint Kitts and Nevis,2020,47,183.24
467975,659,Saint Kitts and Nevis,2021,47,183.102
469226,662,Saint Lucia,2015,175,285.102
469227,662,Saint Lucia,2016,176,286.386
469228,662,Saint Lucia,2017,177,287.603
469229,662,Saint Lucia,2018,177,288.779
469230,662,Saint Lucia,2019,178,289.908
469231,662,Saint Lucia,2020,179,290.968
469232,662,Saint Lucia,2021,179,291.642
470483,663,Saint Martin (French part),2015,35,660.755
470484,663,Saint Martin (French part),2016,34,656.811
470485,663,Saint Martin (French part),2017,34,650.877
470486,663,Saint Martin (French part),2018,33,638.708
470487,663,Saint Martin (French part),2019,33,624.934
470488,663,Saint Martin (French part),2020,32,614.208
470489,663,Saint Martin (French part),2021,31,602.783
471740,670,Saint Vincent and the Grenadines,2015,106,273.031
471741,670,Saint Vincent and the Grenadines,2016,105,271.699
471742,670,Saint Vincent and the Grenadines,2017,105,270.637
471743,670,Saint Vincent and the Grenadines,2018,105,269.95
471744,670,Saint Vincent and the Grenadines,2019,104,269.035
471745,670,Saint Vincent and the Grenadines,2020,104,268.288
471746,670,Saint Vincent and the Grenadines,2021,104,267.518
472997,534,Sint Maarten (Dutch part),2015,40,1182.485
472998,534,Sint Maarten (Dutch part),2016,41,1216.059
472999,534,Sint Maarten (Dutch part),2017,41,1231.838
473000,534,Sint Maarten (Dutch part),2018,42,1242.544
473001,534,Sint Maarten (Dutch part),2019,42,1264.118
473002,534,Sint Maarten (Dutch part),2020,43,1282.985
473003,534,Sint Maarten (Dutch part),2021,44,1295.353
474254,780,Trinidad and Tobago,2015,1460,284.635
474255,780,Trinidad and Tobago,2016,1469,286.419
474256,780,Trinidad and Tobago,2017,1478,288.227
474257,780,Trinidad and Tobago,2018,1504,293.316
474258,780,Trinidad and Tobago,2019,1519,296.288
474259,780,Trinidad and Tobago,2020,1518,295.935
474260,780,Trinidad and Tobago,2021,1525,297.4
475511,796,Turks and Caicos Islands,2015,36,38.461
475512,796,Turks and Caicos Islands,2016,38,40.259
475513,796,Turks and Caicos Islands,2017,39,41.941
475514,796,Turks and Caicos Islands,2018,41,43.671
475515,796,Turks and Caicos Islands,2019,43,45.347
475516,796,Turks and Caicos Islands,2020,44,46.607
475517,796,Turks and Caicos Islands,2021,45,47.488
476768,850,United States Virgin Islands,2015,102,293.724
476769,850,United States Virgin Islands,2016,102,292.33
476770,850,United States Virgin Islands,2017,101,291.003
476771,850,United States Virgin Islands,2018,101,289.613
476772,850,United States Virgin Islands,2019,100,288.076
476773,850,United States Virgin Islands,2020,100,286.979
476774,850,United States Virgin Islands,2021,100,285.974
478025,916,Central America,2015,167187,67.836
478026,916,Central America,2016,169249,68.673
478027,916,Central America,2017,171256,69.487
478028,916,Central America,2018,173093,70.232
478029,916,Central America,2019,174800,70.925
478030,916,Central America,2020,176343,71.551
478031,916,Central America,2021,177661,72.086
479282,84,Belize,2015,359,15.777
479283,84,Belize,2016,367,16.103
479284,84,Belize,2017,374,16.427
479285,84,Belize,2018,382,16.75
479286,84,Belize,2019,389,17.058
479287,84,Belize,2020,394,17.313
479288,84,Belize,2021,400,17.538
480539,188,Costa Rica,2015,4895,95.872
480540,188,Costa Rica,2016,4945,96.851
480541,188,Costa Rica,2017,4993,97.803
480542,188,Costa Rica,2018,5040,98.722
480543,188,Costa Rica,2019,5084,99.58
480544,188,Costa Rica,2020,5123,100.335
480545,188,Costa Rica,2021,5153,100.939
481796,222,El Salvador,2015,6231,300.727
481797,222,El Salvador,2016,6250,301.666
481798,222,El Salvador,2017,6266,302.445
481799,222,El Salvador,2018,6276,302.912
481800,222,El Salvador,2019,6280,303.099
481801,222,El Salvador,2020,6292,303.703
481802,222,El Salvador,2021,6314,304.738
483053,320,Guatemala,2015,16001,149.32
483054,320,Guatemala,2016,16291,152.025
483055,320,Guatemala,2017,16578,154.71
483056,320,Guatemala,2018,16850,157.243
483057,320,Guatemala,2019,17106,159.634
483058,320,Guatemala,2020,17362,162.026
483059,320,Guatemala,2021,17608,164.32
484310,340,Honduras,2015,9294,85.213
484311,340,Honduras,2016,9460,86.737
484312,340,Honduras,2017,9626,88.26
484313,340,Honduras,2018,9792,89.782
484314,340,Honduras,2019,9958,91.303
484315,340,Honduras,2020,10121,92.797
484316,340,Honduras,2021,10278,94.233
485567,484,Mexico,2015,120149,61.324
485568,484,Mexico,2016,121519,62.023
485569,484,Mexico,2017,122839,62.697
485570,484,Mexico,2018,124013,63.297
485571,484,Mexico,2019,125085,63.844
485572,484,Mexico,2020,125998,64.31
485573,484,Mexico,2021,126705,64.67
486824,558,Nicaragua,2015,6298,52.34
486825,558,Nicaragua,2016,6389,53.093
486826,558,Nicaragua,2017,6480,53.852
486827,558,Nicaragua,2018,6572,54.614
486828,558,Nicaragua,2019,6663,55.376
486829,558,Nicaragua,2020,6755,56.14
486830,558,Nicaragua,2021,6850,56.927
488081,591,Panama,2015,3957,53.347
488082,591,Panama,2016,4026,54.28
488083,591,Panama,2017,4096,55.22
488084,591,Panama,2018,4165,56.153
488085,591,Panama,2019,4232,57.06
488086,591,Panama,2020,4294,57.894
488087,591,Panama,2021,4351,58.661
489338,931,South America,2015,413134,23.501
489339,931,South America,2016,417101,23.726
489340,931,South America,2017,420982,23.947
489341,931,South America,2018,424740,24.161
489342,931,South America,2019,428318,24.364
489343,931,South America,2020,431530,24.547
489344,931,South America,2021,434254,24.702
490595,32,Argentina,2015,43257,15.494
490596,32,Argentina,2016,43668,15.642
490597,32,Argentina,2017,44054,15.78
490598,32,Argentina,2018,44413,15.909
490599,32,Argentina,2019,44745,16.027
490600,32,Argentina,2020,45036,16.131
490601,32,Argentina,2021,45276,16.218
491852,68,Bolivia (Plurinational State of),2015,11090,10.237
491853,68,Bolivia (Plurinational State of),2016,11263,10.397
491854,68,Bolivia (Plurinational State of),2017,11435,10.556
491855,68,Bolivia (Plurinational State of),2018,11606,10.714
491856,68,Bolivia (Plurinational State of),2019,11777,10.872
491857,68,Bolivia (Plurinational State of),2020,11936,11.018
491858,68,Bolivia (Plurinational State of),2021,12079,11.151
493109,76,Brazil,2015,205188,24.55
493110,76,Brazil,2016,206859,24.749
493111,76,Brazil,2017,208504,24.946
493112,76,Brazil,2018,210166,25.145
493113,76,Brazil,2019,211782,25.339
493114,76,Brazil,2020,213196,25.508
493115,76,Brazil,2021,214326,25.643
494366,152,Chile,2015,17870,23.733
494367,152,Chile,2016,18083,24.017
494368,152,Chile,2017,18368,24.395
494369,152,Chile,2018,18701,24.837
494370,152,Chile,2019,19039,25.286
494371,152,Chile,2020,19300,25.633
494372,152,Chile,2021,19493,25.889
495623,170,Colombia,2015,47119,41.933
495624,170,Colombia,2016,47625,42.384
495625,170,Colombia,2017,48351,43.029
495626,170,Colombia,2018,49276,43.853
495627,170,Colombia,2019,50187,44.663
495628,170,Colombia,2020,50930,45.325
495629,170,Colombia,2021,51516,45.846
496880,218,Ecuador,2015,16195,65.211
496881,218,Ecuador,2016,16439,66.193
496882,218,Ecuador,2017,16696,67.229
496883,218,Ecuador,2018,17015,68.512
496884,218,Ecuador,2019,17343,69.833
496885,218,Ecuador,2020,17588,70.819
496886,218,Ecuador,2021,17797,71.661
498137,238,Falkland Islands (Malvinas),2015,3,0.28
498138,238,Falkland Islands (Malvinas),2016,3,0.288
498139,238,Falkland Islands (Malvinas),2017,3,0.296
498140,238,Falkland Islands (Malvinas),2018,3,0.3
498141,238,Falkland Islands (Malvinas),2019,3,0.305
498142,238,Falkland Islands (Malvinas),2020,3,0.308
498143,238,Falkland Islands (Malvinas),2021,3,0.309
499394,254,French Guiana,2015,257,3.127
499395,254,French Guiana,2016,262,3.197
499396,254,French Guiana,2017,269,3.277
499397,254,French Guiana,2018,276,3.366
499398,254,French Guiana,2019,284,3.456
499399,254,French Guiana,2020,290,3.54
499400,254,French Guiana,2021,297,3.619
500651,328,Guyana,2015,755,3.836
500652,328,Guyana,2016,759,3.856
500653,328,Guyana,2017,763,3.877
500654,328,Guyana,2018,785,3.99
500655,328,Guyana,2019,798,4.058
500656,328,Guyana,2020,797,4.05
500657,328,Guyana,2021,804,4.087
501908,600,Paraguay,2015,6177,15.274
501909,600,Paraguay,2016,6266,15.494
501910,600,Paraguay,2017,6355,15.713
501911,600,Paraguay,2018,6443,15.931
501912,600,Paraguay,2019,6530,16.145
501913,600,Paraguay,2020,6618,16.364
501914,600,Paraguay,2021,6703,16.575
503165,604,Peru,2015,30711,23.992
503166,604,Peru,2016,31132,24.321
503167,604,Peru,2017,31605,24.69
503168,604,Peru,2018,32203,25.158
503169,604,Peru,2019,32824,25.643
503170,604,Peru,2020,33304,26.018
503171,604,Peru,2021,33715,26.338
504422,740,Suriname,2015,575,3.689
504423,740,Suriname,2016,581,3.727
504424,740,Suriname,2017,587,3.766
504425,740,Suriname,2018,593,3.806
504426,740,Suriname,2019,600,3.848
504427,740,Suriname,2020,607,3.891
504428,740,Suriname,2021,612,3.929
505679,858,Uruguay,2015,3402,19.647
505680,858,Uruguay,2016,3413,19.71
505681,858,Uruguay,2017,3422,19.759
505682,858,Uruguay,2018,3427,19.787
505683,858,Uruguay,2019,3428,19.795
505684,858,Uruguay,2020,3429,19.799
505685,858,Uruguay,2021,3426,19.783
506936,862,Venezuela (Bolivarian Republic of),2015,30529,33.313
506937,862,Venezuela (Bolivarian Republic of),2016,30741,33.544
506938,862,Venezuela (Bolivarian Republic of),2017,30563,33.35
506939,862,Venezuela (Bolivarian Republic of),2018,29825,32.545
506940,862,Venezuela (Bolivarian Republic of),2019,28971,31.613
506941,862,Venezuela (Bolivarian Republic of),2020,28490,31.088
506942,862,Venezuela (Bolivarian Republic of),2021,28199,30.771
508193,905,Northern America,2015,360464,19.326
508194,905,Northern America,2016,363448,19.486
508195,905,Northern America,2017,366470,19.648
508196,905,Northern America,2018,369300,19.8
508197,905,Northern America,2019,371967,19.943
508198,905,Northern America,2020,373956,20.049
508199,905,Northern America,2021,375278,20.12
509450,60,Bermuda,2015,63,1169.333
509451,60,Bermuda,2016,63,1167.926
509452,60,Bermuda,2017,63,1171.759
509453,60,Bermuda,2018,63,1177.241
509454,60,Bermuda,2019,63,1181.694
509455,60,Bermuda,2020,64,1185.75
509456,60,Bermuda,2021,64,1188.611
510707,124,Canada,2015,35732,3.929
510708,124,Canada,2016,36113,3.971
510709,124,Canada,2017,36554,4.02
510710,124,Canada,2018,37035,4.073
510711,124,Canada,2019,37522,4.126
510712,124,Canada,2020,37888,4.167
510713,124,Canada,2021,38155,4.196
511964,304,Greenland,2015,55,0.136
511965,304,Greenland,2016,55,0.136
511966,304,Greenland,2017,55,0.136
511967,304,Greenland,2018,55,0.136
511968,304,Greenland,2019,55,0.136
511969,304,Greenland,2020,56,0.137
511970,304,Greenland,2021,56,0.137
513221,666,Saint Pierre and Miquelon,2015,5,25.991
513222,666,Saint Pierre and Miquelon,2016,5,25.935
513223,666,Saint Pierre and Miquelon,2017,5,25.9
513224,666,Saint Pierre and Miquelon,2018,5,25.846
513225,666,Saint Pierre and Miquelon,2019,5,25.761
513226,666,Saint Pierre and Miquelon,2020,5,25.676
513227,666,Saint Pierre and Miquelon,2021,5,25.576
514478,840,United States of America,2015,324607,35.486
514479,840,United States of America,2016,327210,35.77
514480,840,United States of America,2017,329791,36.052
514481,840,United States of America,2018,332140,36.309
514482,840,United States of America,2019,334319,36.547
514483,840,United States of America,2020,335942,36.725
514484,840,United States of America,2021,336997,36.84
515735,909,Oceania,2015,40403,4.76
515736,909,Oceania,2016,41100,4.842
515737,909,Oceania,2017,41816,4.926
515738,909,Oceania,2018,42539,5.011
515739,909,Oceania,2019,43278,5.098
515740,909,Oceania,2020,43933,5.176
515741,909,Oceania,2021,44491,5.241
518249,36,Australia,2015,23820,3.101
518250,36,Australia,2016,24195,3.15
518251,36,Australia,2017,24590,3.201
518252,36,Australia,2018,24979,3.252
518253,36,Australia,2019,25357,3.301
518254,36,Australia,2020,25670,3.341
518255,36,Australia,2021,25921,3.374
519506,554,New Zealand,2015,4590,17.329
519507,554,New Zealand,2016,4668,17.622
519508,554,New Zealand,2017,4746,17.917
519509,554,New Zealand,2018,4838,18.265
519510,554,New Zealand,2019,4959,18.72
519511,554,New Zealand,2020,5061,19.106
519512,554,New Zealand,2021,5129,19.365
520763,928,Melanesia,2015,10771,20.308
520764,928,Melanesia,2016,11012,20.763
520765,928,Melanesia,2017,11252,21.214
520766,928,Melanesia,2018,11489,21.662
520767,928,Melanesia,2019,11725,22.107
520768,928,Melanesia,2020,11959,22.548
520769,928,Melanesia,2021,12188,22.981
522020,242,Fiji,2015,917,50.203
522021,242,Fiji,2016,918,50.267
522022,242,Fiji,2017,919,50.302
522023,242,Fiji,2018,918,50.301
522024,242,Fiji,2019,918,50.272
522025,242,Fiji,2020,920,50.379
522026,242,Fiji,2021,924,50.608
523277,540,New Caledonia,2015,283,15.483
523278,540,New Caledonia,2016,283,15.522
523279,540,New Caledonia,2017,284,15.555
523280,540,New Caledonia,2018,284,15.584
523281,540,New Caledonia,2019,285,15.611
523282,540,New Caledonia,2020,286,15.668
523283,540,New Caledonia,2021,287,15.744
524534,598,Papua New Guinea,2015,8682,19.172
524535,598,Papua New Guinea,2016,8899,19.651
524536,598,Papua New Guinea,2017,9114,20.127
524537,598,Papua New Guinea,2018,9329,20.601
524538,598,Papua New Guinea,2019,9542,21.072
524539,598,Papua New Guinea,2020,9749,21.529
524540,598,Papua New Guinea,2021,9949,21.97
525791,90,Solomon Islands,2015,612,21.276
525792,90,Solomon Islands,2016,628,21.812
525793,90,Solomon Islands,2017,643,22.352
525794,90,Solomon Islands,2018,659,22.894
525795,90,Solomon Islands,2019,674,23.441
525796,90,Solomon Islands,2020,691,24.003
525797,90,Solomon Islands,2021,707,24.582
527048,548,Vanuatu,2015,276,22.677
527049,548,Vanuatu,2016,283,23.234
527050,548,Vanuatu,2017,290,23.81
527051,548,Vanuatu,2018,297,24.389
527052,548,Vanuatu,2019,304,24.972
527053,548,Vanuatu,2020,311,25.569
527054,548,Vanuatu,2021,319,26.18
528305,954,Micronesia,2015,524,169.925
528306,954,Micronesia,2016,525,170.395
528307,954,Micronesia,2017,526,170.828
528308,954,Micronesia,2018,527,171.19
528309,954,Micronesia,2019,528,171.491
528310,954,Micronesia,2020,531,172.208
528311,954,Micronesia,2021,534,173.348
529562,316,Guam,2015,167,310.495
529563,316,Guam,2016,168,311.177
529564,316,Guam,2017,168,311.656
529565,316,Guam,2018,168,311.789
529566,316,Guam,2019,168,311.689
529567,316,Guam,2020,169,312.811
529568,316,Guam,2021,170,315.22
530819,296,Kiribati,2015,116,160.753
530820,296,Kiribati,2016,118,163.241
530821,296,Kiribati,2017,120,165.789
530822,296,Kiribati,2018,122,168.404
530823,296,Kiribati,2019,124,171.131
530824,296,Kiribati,2020,126,174.192
530825,296,Kiribati,2021,128,177.512
532076,584,Marshall Islands,2015,49,274.497
532077,584,Marshall Islands,2016,48,268.494
532078,584,Marshall Islands,2017,47,262.147
532079,584,Marshall Islands,2018,45,255.494
532080,584,Marshall Islands,2019,44,248.492
532081,584,Marshall Islands,2020,43,241.186
532082,584,Marshall Islands,2021,42,233.611
533333,583,Micronesia (Fed. States of),2015,109,156.374
533334,583,Micronesia (Fed. States of),2016,109,157.036
533335,583,Micronesia (Fed. States of),2017,110,157.758
533336,583,Micronesia (Fed. States of),2018,110,158.47
533337,583,Micronesia (Fed. States of),2019,111,159.112
533338,583,Micronesia (Fed. States of),2020,112,160.152
533339,583,Micronesia (Fed. States of),2021,113,161.616
534590,520,Nauru,2015,11,559.275
534591,520,Nauru,2016,11,571.825
534592,520,Nauru,2017,11,584.125
534593,520,Nauru,2018,11,596.2
534594,520,Nauru,2019,12,606.575
534595,520,Nauru,2020,12,615.75
534596,520,Nauru,2021,12,625.575
535847,580,Northern Mariana Islands,2015,51,112.722
535848,580,Northern Mariana Islands,2016,51,111.888
535849,580,Northern Mariana Islands,2017,50,111.004
535850,580,Northern Mariana Islands,2018,50,110.074
535851,580,Northern Mariana Islands,2019,49,109.098
535852,580,Northern Mariana Islands,2020,49,108.504
535853,580,Northern Mariana Islands,2021,49,108.275
537104,585,Palau,2015,17,38.683
537105,585,Palau,2016,17,38.73
537106,585,Palau,2017,17,38.775
537107,585,Palau,2018,17,38.836
537108,585,Palau,2019,17,38.949
537109,585,Palau,2020,17,39.07
537110,585,Palau,2021,18,39.183
538361,957,Polynesia,2015,696,86.615
538362,957,Polynesia,2016,698,86.874
538363,957,Polynesia,2017,701,87.183
538364,957,Polynesia,2018,704,87.537
538365,957,Polynesia,2019,707,87.913
538366,957,Polynesia,2020,711,88.468
538367,957,Polynesia,2021,717,89.171
539618,16,American Samoa,2015,51,256.84
539619,16,American Samoa,2016,50,252.24
539620,16,American Samoa,2017,49,247.315
539621,16,American Samoa,2018,48,242.12
539622,16,American Samoa,2019,47,236.602
539623,16,American Samoa,2020,46,230.945
539624,16,American Samoa,2021,45,225.175
540875,184,Cook Islands,2015,17,73.731
540876,184,Cook Islands,2016,17,73.108
540877,184,Cook Islands,2017,17,72.481
540878,184,Cook Islands,2018,17,71.885
540879,184,Cook Islands,2019,17,71.292
540880,184,Cook Islands,2020,17,70.952
540881,184,Cook Islands,2021,17,70.844
542132,258,French Polynesia,2015,291,79.204
542133,258,French Polynesia,2016,293,79.68
542134,258,French Polynesia,2017,295,80.198
542135,258,French Polynesia,2018,297,80.783
542136,258,French Polynesia,2019,299,81.357
542137,258,French Polynesia,2020,301,81.954
542138,258,French Polynesia,2021,304,82.528
543389,570,Niue,2015,1,7.102
543390,570,Niue,2016,1,7.158
543391,570,Niue,2017,1,7.188
543392,570,Niue,2018,1,7.256
543393,570,Niue,2019,1,7.387
543394,570,Niue,2020,1,7.471
543395,570,Niue,2021,1,7.45
544646,882,Samoa,2015,203,71.933
544647,882,Samoa,2016,205,72.63
544648,882,Samoa,2017,207,73.367
544649,882,Samoa,2018,209,74.099
544650,882,Samoa,2019,211,74.878
544651,882,Samoa,2020,214,75.947
544652,882,Samoa,2021,218,77.302
545903,772,Tokelau,2015,1,121.208
545904,772,Tokelau,2016,1,118.875
545905,772,Tokelau,2017,1,123.833
545906,772,Tokelau,2018,1,135.083
545907,772,Tokelau,2019,1,146.0
545908,772,Tokelau,2020,1,152.208
545909,772,Tokelau,2021,1,154.083
547160,776,Tonga,2015,106,163.265
547161,776,Tonga,2016,105,162.627
547162,776,Tonga,2017,105,162.177
547163,776,Tonga,2018,105,161.77
547164,776,Tonga,2019,104,161.462
547165,776,Tonga,2020,105,161.929
547166,776,Tonga,2021,106,163.103
548417,798,Tuvalu,2015,10,362.567
548418,798,Tuvalu,2016,10,361.733
548419,798,Tuvalu,2017,10,360.917
548420,798,Tuvalu,2018,10,362.167
548421,798,Tuvalu,2019,10,365.2
548422,798,Tuvalu,2020,11,368.967
548423,798,Tuvalu,2021,11,373.45
549674,876,Wallis and Futuna Islands,2015,12,87.018
549675,876,Wallis and Futuna Islands,2016,12,86.146
549676,876,Wallis and Futuna Islands,2017,11,85.257
549677,876,Wallis and Futuna Islands,2018,11,84.396
549678,876,Wallis and Futuna Islands,2019,11,83.671
549679,876,Wallis and Futuna Islands,2020,11,83.246
549680,876,Wallis and Futuna Islands,2021,11,83.054
